name,taste,environment,service,comment
匿名用户,口味：5.0,环境：5.0,服务：5.0,"在繁华的深圳，雨花西餐厅犹如一颗静谧的美食绿洲，让人惊喜不已。每一口菜品都凝聚了厨师的匠心独运，尤其是那道战斧牛排，肉质鲜嫩，香气四溢，简直是味蕾的盛宴。环境优雅，服务周到，每一处细节都透露着精致。在这里，我感受到了美食带来的幸福感，雨花西餐厅，值得我赋予五星好评！
收起评价"
匿名用户,口味：5.0,环境：5.0,服务：5.0,"进门没有服务员在门口，以为不开门，后面看到有人在用餐走到里面才有人过来，店内死气沉沉，服务员都不太热情，还没有走到餐桌服务员已经端起不知道什么时候接好的水跟我们一起过来，水杯略显的不干净，餐桌上的餐具🍽都有灰了跟朋友两人点了300多的套餐，都觉得只有炒饭的味道还不错，蘑菇不好吃，鱼柳好咸牛排🥩很一般，秉承着不浪费能吃下都吃的差不错了，我跟朋友都说不会再来了
收起评价"
Nicole菲儿,口味：5.0,环境：5.0,服务：5.0,"深圳颇具怀旧氛围感的西餐厅『雨花』 [薄荷]环境： 一楼拐弯泛白的明星合影有些年头，二楼墨绿色的主色调有点海派西餐厅的味道，类似的业态的名典咖啡、上岛咖啡早已无处遁形，雨花却在沧海桑田间还保留了最后一家，当时前卫的装修如今也变得有的vintage，深沉的墙面油画印，昏黄的灯光下，酒瓶、瓷器和贝母灯摆件拍照蛮有味道。 虽然是家老派西餐厅，现在也与时俱进结合了日料店『放题』的营销法，不同于之前的单点，现在花个百来块的单价就可以任点一款扒类主食，即可解锁所有30十副食自助放题。
收起评价"
黄元帅,口味：2.5,环境：2.0,服务：2.5,"今天过来消费优缺点我都讲下 先说不好的点。1 **上下了单，有诱导消费，说是均可用 但你买完才发现下面有行小字说明使用日期。单看以为能用下单 要拉到很下面才知道是周一-周五 **上是有误导，其他平台就不知道了。千万别被骗过来才发现。他有误导的行为。请看图1 2 服务员感觉很没精神。累的话你们可以要求老板多招人换班。而不是体现给顾客。这个不该由我来提。 3 楼下写的点牛排 有放题。实际放题限制比较大。建议如果来吃 上来看一眼再下单。 4 老餐厅 装修有点老旧陈破我不说啥。问题是豁口的餐具。这就不应该了吧。刀叉包浆我也没啥意见。盘子豁口黑痕就换了吧。 5 吃的东西只能说中规中矩。与价位不匹配。你说地段好就是你对。 好的地方 1 沙拉上的比较快。 2 羊排还可以 就是太小 3 落地窗还不错。 4 请女票吃还算行
收起评价"
广西十大杰出青年,口味：4.5,环境：4.5,服务：4.5,"「香草鸡排拼猪排」本来是想点羊排拼鸡排，但是没有注意看菜单上面的文字就点了猪排，但是切开后觉得猪排真的很好吃，很多口感完全跟其他猪排不一样，推荐给不喜欢羊味的朋友。 「鸡茸洋葱圈」这一个小吃的味道，让我想起了童年的回忆，不愧是老店，他的这个东西平时吃不到！平时在外面吃的洋葱圈跟这一个的差别真的很大，而且放题小吃今天晚上我点了两份！ [薄荷]环境： 装修风格蛮有感觉的，就是传统的西餐厅，进来之后可以觉得这个是很老派的那种西餐厅，感觉跟外面的不一样。 [服务铃]服务： 服务员挺多的，随时可以服务好。
收起评价"
bowenleelee,口味：4.5,环境：5.0,服务：4.5,"和朋友在附近决斗完游戏王，就近找了家西餐厅解决晚餐。这个雨花西餐厅已经算是深圳老牌西餐厅了，虽然入口门面不怎么样，但是里面装修还是非常小资的。 这边是点一份主食就可以有副食任点，基本上就是满足你可以吃到牛排的同时还能吃上各种小吃，免得太单一，这种点单形式我倒是挺喜欢的。 我点的是芝士烤小青龙，小青龙肉质紧食，新鲜度很不错。芝士陪着龙虾肉特别适合，这边芝士的量不是很多，所以并不会腻。但是如果是重度芝士爱好者可能觉得口味稍淡。 副食方面中规中矩，意粉扇贝塔塔口感一般，主要是让用餐不会太单一。饮料方面稍微偏淡，不知道是不是因为是免费的原因？可以有所提升。 总结起来就是环境不错，然后主食口味也很好，配菜也是相当丰富。用餐体验来说挺不错的，推荐。
收起评价"
征有点......,口味：4.5,环境：5.0,服务：5.0,"[薄荷]环境: 整个餐厅看上去就是那种复古调 不论是场景还是摆设都是走得复古风 如果穿着复古的服装拍人像那绝对出片 「安格斯极佳级雪花牛排」 牛排选的7分熟 火候正好 口味不错 摆盘到位 其他副食品类也不少 不限量任吃 不管你多大食量都能吃得饱饱的 推荐翡翠螺，水果沙拉，冰淇淋🍦 [服务铃]服务: 工作人员服务热情周到 服务态度超棒
收起评价"
市井食神流川枫,口味：3.5,环境：3.5,服务：3.5,"雨花，这个品牌，在深圳待超过十五年以上的朋友多少都有耳闻。 说他是深圳西餐界的“黄埔军校”不为过。当初深圳很多区域（市区到关外公明区域等）都可以看到身影，再到如今仅存的一家店，经历了深圳餐饮的不断变化，而很多西餐厅或者其他餐厅的工作者多少都有雨花的从业经验或者有其他关联。 本人是第一次来雨花用餐。 位置:这间位于国贸海燕附近的店也是驻扎蛮多年。周边交通很便利。 [薄荷]环境: 总体的环境靠窗位置还是不错。不过吧台靠近厨房的区域个人觉得餐具摆设和酒水制作类区域稍显凌乱，而且卫生等级还需要提升。 [服务铃]服务: 餐厅内有男服务员和女服务员。从用餐前到用餐完毕，个人觉得女服务员整体素质高于男服务员。 消费降级的当下，各类餐厅比拼菜品的同时，餐饮服务也是一个重要区域涵盖。 香港特区相比深圳市区的综合服务质素和水准被人诟病就非常明显。 朋友选取的306大众双人套餐。 「安格斯牛排」七成熟。安格斯牛排的分量目测200g内。总体的口感还可以，在这个一百左右的区间而言，搭配的土豆泥内有类似西蓝花，颗粒感是足，但个人觉得稍微有些不太协调。 「牛油果香肠沙拉」除了沙拉酱稍微有些多，其他还好。 「蓝橙凤梨莫吉托」口感偏甜，应该是加入凤梨汁勾兑，伏特加的量非常少，总体更像一款无酒精的饮料。 「芝士焗虾滑蘑菇」虾滑的口感和蘑菇的叠加总体还可以。 「黑松露炒蘑菇」蘑菇口感烹饪得还不错。 「慕斯蛋糕」中规中矩。对蛋糕口感要求高的不推荐点。 香草冰淇淋，非常不错。 综合而言，3.8分（满分5分） 主菜牛排在这个区间价位品质还是可以接受。 限点和任点的菜品，各有千秋。 总体适合情侣约会、闺蜜约会等场合。
收起评价"
香港中环Klee,口味：4.5,环境：4.5,服务：4.5,"地方宽敝，服務到位，食品选項多，主食之外，副食任点。牛扒味濃多汁，鸡扒，龙蝦。。。多不勝數，十分滿。 主食: 1. 黑松露干巴菌鵝肝牛肉炒饭 2. 黑椒牛柳炒意粉 头盘: 1. 黑松露炒蘑菇 2. 蒜蓉烤鮮扇贝(最多点3份) 沙拉: 1. 夏威夷鮮果沙拉 2. 牛油果香肠沙拉 汤类: 1. 菠菜汤 2. 蘑菇汤 3. 南瓜汤 4. 牛肉浓汤 小食: 1. 紫苏鱼柳 2. 鱿鱼拼鸡茸洋葱圈 3. 炸薯条 甜品: 1. 慕斯蛋糕(4块) 2. 香草雪糕(需提醒叫起) 饮品: 1. 蓝橙凤梨莫吉托/冻 2. 百香果凤梨特饮/冻 3. 满杯红柚气泡水/冻 4. 山楂树之恋/冻 5. 玫瑰苹果茶/热 6. 一颗椰子/冻 7. 西瓜汁 8. 鸭屎香柠檬茶/冻 9. 石榴柠檬茶/冻 10. 青提柠檬薄荷茶(限点) 副食单: 1. 菜品(13选4) 1. 芝士焗虾滑蘑菇 2. 又见樱桃/冻(咖啡) 3. 牛油香草焗法国田螺 4. 意式香草盐焗翡翠螺 5. 蒜蓉焗大元贝(2只)
收起评价"
酥皮蛋挞,口味：4.5,环境：4.5,服务：4.5,"趁中午休息时间就过来吃个美美的套餐，雨花西餐厅已经很多年了，中午过来也不会很多人，环境其实很舒服，精选安格斯三角肥牛排「三角肥牛排（牛扒）」份量不算多，工作人员一般推荐7分熟我觉得刚好，口感很好，做得真不错，山楂树冰饮建议少糖，酸甜可口🏻
收起评价"
匿名用户,口味：2.5,环境：4.5,服务：0.5,"看了这里的评价后 就不用想 直接去试了斧头扒了 真心说一下 这里环境不错 装修也很高级 打卡超赞 坐下来 也没有服务员拿餐牌来 不知是不够服务员还是都很忙 总是找不到服务员 看了有人说这家餐厅服务员很热情 确实不能感觉出来 吃完的碟也没人来收一下 若不是台上没位置 也没人来收一下 至于食物 点了欧式面包是冷的 而且很硬 很硬 斧头扒味道是不错 但也不是特别好吃 就是没特别 至于说到数十种的小食任吃 实在没太多选择 都一堆饮品 总结 太多假的评价 太失望
收起评价"
SharolMui,口味：4.0,环境：4.0,服务：4.5,"決定和兒子跟著網紅來探店，店看有點年份，但裝飾漂亮舒服，環境不錯。 點了美团的斧頭扒通自助餐，選了六成孰，主菜斧頭扒來到是十分驚喜，真是超大的扒，配上三款醬汁，擺盤精美，肉也鮮美，烹調得十分好，味道一流，其他任食副食也不錯，飲品無限任飲。 綜合整體：性價比高，值再回頭，服務也不錯，只是服務人員不足，主食及副食質量也很好。
收起评价"
tmtraveler,口味：5.0,环境：4.5,服务：5.0,"【雨花西餐廳•牛排•副食放題】 開店30年餐廳 副食西餐放題👀 食物即叫即整 整得都好食😋 唔係放題hea貨質素🤓 入面既裝修偏vintage風 黑椒香草雞扒🐥 賣相相當吸引 送上嚟仲冒住煙 雞扒夠嫩滑 配埋黑椒汁 幾唔錯 安格斯板腱牛排🐮 可以揀幾成熟 我哋揀咗5成熟 啱啱好 有一定嘅厚度食落好滿足 質素唔差😌 黑椒牛柳炒意粉 炒得相當香口 意粉軟硬度適中 調味都係啱啱好 唔會太鹹 蒜蓉烤鮮扇貝 扇貝就中規中矩 size係偏細隻嘅 焗芝士薯泥 薯泥打得好綿 配埋芝士一齊食 好滿足😆😆 蘑菇湯 南瓜湯 四款餐湯 我哋揀咗蘑菇湯同埋南瓜湯 蘑菇湯仲可以飲到少少蘑菇嘅口感 南瓜湯清清淡淡 飲落相當健康嘅感覺 魷魚拼雞茸洋蔥圈 炸物相當唔錯 炸衣唔會太厚 又夠鬆脆 點埋醬一齊食 就冇咁油膩 紫蘇多春魚 呢個可以算得上係一個小炒 好香口嘅一碟菜式 相當唔錯 慕斯蛋糕 香草雪糕 蛋糕有驚喜 細細件 好絲滑嘅慕絲配鬆軟蛋糕底 幾好食 雪糕收尾非常完美 鮮三文魚塔塔 三文魚塔塔不過不失 主要靠原材料嘅味道 冇額外嘅調味 藍橙鳳梨莫吉托 同佢個名一樣清新清爽 解渴一流 黃油啤酒咖啡 呢個飲品幾特別 飲落口係好順滑 每一隻味都融合得好得宜 我同朋友都幾鍾意飲🤓🤓🔥 生椰拿鐵 同其他生椰拿鐵一樣 好香椰香 同埋奶香嘅咖啡😆 作為一個自助餐嘅質素嚟講 我覺得佢無論係選擇定係菜式方面都唔錯 幾值得推薦🏻🏻
收起评价"
Louis,口味：3.5,环境：5.0,服务：4.0,"第一要討論的點是 環境 這裏的環境10分舒服加分 第二 當然是主食 戰斧牛扒 主食還可以 當然不能以和牛相比較 但算是不過不失可以接受（這個價錢） 第三 討論點比較多，就是其他飲點的食物， 當中有兩個比較推薦 蘑菇 同飲品 其他真係一般般 不過都係綠葉 所以影響不大 環境佔最主要加分項目 主食沒有扣分 其他真係一般般 飲品加返少少分
收起评价"
Ada,口味：5.0,环境：5.0,服务：5.0,"今天来罗湖办事，过来雨花西餐厅吃牛排。一家30年老店，应该都是老深圳的记忆吧。环境安静，舒服，的确很适合情侣打卡。菜品食材都很不错，应该都是严选的。牛排品质很好，吃的很开心，素菜也调配的不错。沙拉很新鲜，很好吃。性价比不错。
收起评价"
HQY_3450,口味：4.5,环境：4.5,服务：4.5,"最近找比较有特色的自助真的是找到头疼，偶然间看到了这家西餐厅的半自助就跑来试试，没想到还真不错！ 不得不说，西餐厅做的肉扒类还是很专业的，无论是牛扒，鸡扒，猪扒都很像很嫩，口感和味道都很好，点赞 其实菜品问题出现在它的几个副菜上面，具体口味因人而异，就是口感很干，味道平淡所以不推荐：「紫苏鱼柳」「黑椒牛肉丝炒意粉」「蒜蓉焗扇贝」 推荐的菜品有：「安格斯特级牛仔骨」「法式羊排配香草薄荷汁」「鱿鱼洋葱圈」「牛肉汤」「黑松露炒蘑菇」「牛肉粒炒饭」 这是根据我所吃的268双人餐来评定的，具体还要看个人喜好哈！总体来说推荐来试试！
收起评价"
波波,口味：2.5,环境：3.5,服务：1.5,"波波带你好去处@认真评估[点赞]￼ 本人是香港人：期待已久雨花十大必选西餐厅有点 失望，好像去了西式大排档吃晚饭￼￼，餸菜5-10分钟内会一次过上菜，如果大家跟女友庆祝节日….我本人就非常不建议吃这店，还有真心建议考虑点牛扒就好了，因为其他食物质素都一般，本人认为好看..不好吃￼ 见仁见智，不过以这个价钱来说…我认为可以选择更加好的西餐厅，还有大家要注意❗️看清楚团购项目…因為跟现场要求有点不同，至于员工服务态度就非常差￼ 地点：深圳罗湖关口 🚥交通：4.5⭐️ （步行约7-10分钟） （国贸站步行A出口3-5分钟） [薄荷]环境：3.9⭐️ （怀旧风格/红酒杯，碟，枱有点脏） [服务铃]服务：2⭐️ （服务非常差/跟大排档一样） 🍽️食材：3.9⭐️ （推介牛扒🥩/其他餸菜味道一般） [樱花]特色：3⭐️ （每日龙虾🦞份量比较少，提前打电话预订） （小吃/沒酒精飲料可以無限添加） 人均消费：250-300$ 人民币不等… 大众点评/美团有优惠 「双人套餐跟现场菜單價格一样 」
收起评价"
喜歡吃喝的比比,口味：3.5,环境：4.5,服务：3.5,"一行四人買了兩個二人套餐，一個是306及288的。上菜速度很快，但是沒有什麼服務，很多東西食完也沒有來清理空的碟，「安格斯板腱牛排」「进口肉眼牛排」扒類正常 「牛油果沙律」普通 「黑松露炒蘑菇」比較油 「炸薯条」正常，飲品好看不好渴「云顶乌龙琥珀珍珠牛奶茶」沒有味道 不好渴 「苹安富桂茶」淡淡的也是不好渴「有机菠菜浓汤」比較淡「法式蘑菇浓汤」不錯「俄式什菜牛肉浓汤」家姐喜歡 總括來說一般般。
收起评价"
Jovia,口味：5.0,环境：5.0,服务：5.0,"[CHILL深］深圳30年老字號西餐廳 副食任食放題 🍴 裝修好靚✨好復古好有feel🥰打卡一流嘅高質有情調西餐廳🍴 入面仲有好多唔同古董物件，彷彿置身意大利百年歷史Cafe☕ 食物都唔錯㗎🫶仲要有無限任食，扺呀 飲品選擇多🍹仲有紅酒同Mojito😚其他飲品都係特色飲品，一啲都唔Hea😋 如果你食羊的話，十分十分推介羊扒💕💕💕💕 有3支骨，一啲臊味都冇仲要好Juicy好嫩✨調味有孜然好好食呀呀呀 食物份量大，選擇多，有不同小食，湯，主食，甜品，飲品，一定食返夠本😹 只需306人仔‼️就可以食到呢個雙人腐副食題牛扒套餐，任食90分鐘一齊大滿足啦👇 雨花 RAINDROPS 1993 【地址:羅湖人民南路3001號海豐苑2樓(國貿對面)】 【地鐵:地鐵1號線國貿站E出口步行130m】 營業時間:週一到週日: 11:30-23:00 #雨花西餐廳 #深圳美食 #羅湖美食 #金光華美食 #國貿美食 #東門老街美食 #羅湖萬象城美食 #深圳西餐廳 #羅湖西餐廳 #金光華西餐廳 #國貿西餐廳 #東門老街西餐廳 #羅湖萬象城西餐廳 #深圳牛排 #羅湖牛排 #金光華牛排 #國貿牛排 #東門老街牛排 #羅湖萬象城牛排 #深圳美食 #深圳一日遊 #深圳生活 #深圳打卡 #深圳遊 #深圳必食 #chill深 #西餐廳 #情調餐廳 #復古 #牛扒 #羊扒#放題 #任食 #羅湖 #國貿站 #即叫即製 #30年老字號 #港人北上
收起评价"
凉拌小番茄.,口味：4.5,环境：4.5,服务：4.5,"靠里面的灯很好看，五彩斑斓犹如宝石💎 喜欢的朋友可以去试试哟，带上好朋友👭 我们点的是 安格斯板腱牛排拼鱼柳 由于个人口味都点了8分熟 依旧好吃都是点了黑椒汁，牛肉很嫩 📍罗湖区人民南路海丰苑2层(国贸地铁站E口步行140米) 「安格斯板腱牛排拼鱼柳」「烟熏三文鱼沙拉」
收起评价"
琦琦北鼻,口味：5.0,环境：5.0,服务：5.0,"位置非常好找，国贸地铁站E口过来百来米。店内环境优雅复古，充满法式风情。 我选择的是靠窗的位置，可以吃着牛排，喝着红酒，看看窗外下的雨，路过的行人。 战斧牛排果然是名不虚传，肥中带瘦very good，还有小哥哥帮我切牛排，我超开心的！ 黑松露炒蘑菇，也非常不错 法式南瓜汤，还有蘑菇汤，非常浓郁可口。 三文鱼塔塔，芒果，牛油果。搭配非常好吃。是约会的好去处。
收起评价"
匿名用户,口味：4.0,环境：4.5,服务：3.0,"🌟环境 深圳少有的有历史的老牌西餐厅 老式西餐厅的格调装修，灯光较暗 有种九十年代电视剧里高级西餐厅的感觉 🌟菜品 出品非常不稳定… 1. 就连招牌主菜-牛排拼鹅肝都一个好一个坏，牛排不错肉质可以且火候到位，但鹅肝单面煎糊了…. 2. 饮品类-西瓜汁+苹安富贵茶，前者鲜榨能喝到颗粒，后者虽然甜但很香，绝对不输饮品店，两个都很赞 3. 小食类-炸洋葱鸡肉&鱿鱼圈，虽然看着颜色深沉，但整体是好吃的，我一个人干完了一整盘 反而是限量三份的蒜蓉烤鲜扇贝，吃不出鲜没有点第二次的想法 芝士焗虾滑蘑菇，中规中矩，没亮点也不难吃 4. 沙拉：水果新鲜种类丰富，有青提无花果蓝莓，配沙拉酱巨好吃 🌟服务 比不上深圳西餐厅的平均水平… 🌟总结 性价比是OK的，无限量的菜品适合家庭或者朋友聚会，多几个人一起多点菜来尝试
收起评价"
AIiceserendipity,口味：5.0,环境：4.5,服务：5.0,"特别喜欢他们家菠菜汤还有百香果汁，还有朱古力🍫 牛排质量非常棒，物美价廉 168的套餐吃到扶墙出，副食种类丰富多样， [薄荷]环境： 虽然是三十多年的老店了，但是沙发还是挺舒服的 是最棒的一次牛排自助体验🥩 [服务铃]服务： 服务不会过度热情，安排座位和点餐都挺顺利的，上菜速度很满意
收起评价"
百香果蒸枣泥,口味：5.0,环境：5.0,服务：5.0,"菜品非常合口味,环境很舒服,适合聊天聚会。牛排出乎意外的好吃，下次再来。"
善勇勇敢的小龚,口味：5.0,环境：5.0,服务：5.0,环境非常不錯，菜品種類多，牛排口感非常好.值得推荐.
德明清澈的小鲁,口味：5.0,环境：5.0,服务：5.0,环境非常好，菜品也很不错，上菜速度也快，下次还会再来
jj爱yy,口味：5.0,环境：5.0,服务：5.0,"味道好，服务好，环境不错,牛排超嫩味道可以"
酸菜魚_3293,口味：5.0,环境：5.0,服务：5.0,还行，停车也方便，服务好，牛排挺好吃的，一百来块来说性价比算挺高的
匿名用户,口味：5.0,环境：5.0,服务：5.0,[薄荷]环境:夜景优美 布置精致 [服务铃]服务:热情周到 口味:意料之外的高品质
忠诚幸福咕咕羊,口味：5.0,环境：5.0,服务：5.0,味道不错，服务周到，价格优惠，环境很好，下次还来
泡酒缸的桂花,口味：5.0,环境：5.0,服务：5.0,口味: 豪吃 [薄荷]环境: 舒适 [服务铃]服务: 态度好 性价比: 高 已经来这吃过很多次了
咩也问题,口味：5.0,环境：5.0,服务：5.0,牛排很好吃，环境不错，每次来都吃撑了。
暗棕色嘴巴的浅绿色海豚,口味：5.0,环境：5.0,服务：5.0,味道很好，牛排很嫩，喝的饮料也好喝，环境不错哦！
小茜ann,口味：5.0,环境：5.0,服务：5.0,口味:牛扒好吃，肉质嫩。推荐 [薄荷]环境:环境优美。复古 [服务铃]服务:服务好
匿名用户,口味：5.0,环境：5.0,服务：5.0,環境十分好，味道也不錯，服務也很好，十分值得去
大雄酱,口味：5.0,环境：5.0,服务：5.0,从小吃到大的西餐厅，猪宝宝扒还是一如既往的好吃，现在还有放题系列，小吃随便吃，以后一定还来。
kimkim,口味：5.0,环境：5.0,服务：5.0,牛扒厚切，非常美味，套餐價性比高，值得推介给朋友
食好西,口味：5.0,环境：5.0,服务：5.0,環境很好，位置方便易找，¥78工作日單人餐，有牛扒，小食和餐湯，分量也很足夠，味道可以，服務都是很好！
清新可爱嘭当龙,口味：5.0,环境：5.0,服务：5.0,288套餐无得输，超值。环境有情侶拍拖氣氛🥰，食物丰富，飲品選擇多，你妳一定滿意，西餐廳首選。
榴莲忘陈,口味：5.0,环境：5.0,服务：5.0,环境干净卫生，服务很好，位置也方便
爱吃是四叶子,口味：5.0,环境：5.0,服务：5.0,"环境宁静舒适, 我们是有订座的所以直接就进去入座 食物饮料选择不少, 会二刷"
LamLam,口味：5.0,环境：5.0,服务：5.0,味道好，性價比高，地點方便 份量適中，用餐環境不錯
夏叶0707,口味：5.0,环境：5.0,服务：5.0,"最后一家了呀，请您务必坚挺，坚守罗湖不失贵地，希望能稳定发展，确保在未来的十年八年雨花还能继续坚挺，成为见证深圳发展，陪伴罗湖成长的标志，这可是深圳文化的一部分，万勿要被打败了，加油，我也争取多吃几次。
收起评价"
匿名用户,口味：5.0,环境：5.0,服务：5.0,性价比:超好 [服务铃]服务:一流很有耐心 口味:可口巨好 [薄荷]环境:超美乾淨
匿名用户,口味：5.0,环境：4.5,服务：5.0,老牌西餐厅了，品质一直有保障，上菜速度很快。最喜欢玫瑰苹果茶，酸酸甜甜自然味。
匿名用户,口味：5.0,环境：5.0,服务：5.0,环境优美 牛扒肉质嫩 服务也好 性价比超高
供港农场基地三鸟,口味：4.5,环境：4.5,服务：4.5,环境不错，复古适合喝下午茶和约会，服务也还可以
黑米妈,口味：5.0,环境：5.0,服务：5.0,环境很喜欢，安静，地方很好找，味道不错值得推荐
匿名用户,口味：5.0,环境：5.0,服务：5.0,味道很好，服务热情，菜品一如既往的好，性价比超高，值得经常光顾
三公主,口味：5.0,环境：5.0,服务：5.0,品牌老店，开了很多年了，环境还是那么的古典雅致。
匿名用户,口味：5.0,环境：5.0,服务：5.0,好食... 環境好，有氣氛，適合飯局，會再來
My_2959,口味：5.0,环境：5.0,服务：5.0,口味：好 [薄荷]环境：好 [服务铃]服务：好
奧斯卡,口味：5.0,环境：5.0,服务：5.0,戰斧牛排質量好，分量大，絕對物超所值！ 其他副食也很有水準，絕對會再來！
阿英_5273,口味：5.0,环境：5.0,服务：5.0,第一次来环境不错 服务态度很好口味不错性价比高
Ari,口味：4.5,环境：4.5,服务：4.5,食物很好吃，服务态度也很好，环境安静，靠窗风景不错，很有情调，是情侣约会吃饭的好选择
途途,口味：5.0,环境：5.0,服务：5.0,服務態度有好，價格不貴，環境滿意也浪漫，環境清潔
俊善柔和的小沈,口味：5.0,环境：5.0,服务：5.0,口味：好吃 [薄荷]环境：環境優美 [服务铃]服务：好 性价比：高
我的仨米奇,口味：5.0,环境：5.0,服务：5.0,口味: [薄荷]环境:優美，合情侶 [服务铃]服务:有禮 性价比:高
贤毅清秀的小鹤,口味：5.0,环境：5.0,服务：5.0,食品出色，副食精美，環境優雅，性價比高，值得推薦！
羅靖媛,口味：5.0,环境：5.0,服务：5.0,第一次和朋友一起過來雨花，挺惊喜味道和环境适合朋友聚会🎈🌹下次再带家人朋友一起过来体验一下👉🌞
踏实热情咕哝鱼,口味：4.5,环境：4.5,服务：5.0,环境很好，上餐也快，也是朋友介绍过来吃的，深圳老牌西餐厅，好多港人也过来吃哦。牛排赞
SamSam,口味：5.0,环境：5.0,服务：5.0,口味:牛扒好吃 [薄荷]环境不错 [服务铃]服务:很好
Iris_Utopia,口味：5.0,环境：5.0,服务：5.0,位置就在国贸对面，餐厅环境不错，周四五点过来，人不是很多。餐品口味也不错，推荐
义雄清丽的小宇,口味：5.0,环境：5.0,服务：5.0,[薄荷]环境： 很好，很安静，干净卫生。在窗边吃很有感觉哈， 口味： 战斧牛排最好吃
睿谦聪明的小马,口味：5.0,环境：5.0,服务：5.0,口味：好 [薄荷]环境：好
桂圆干涮糖浆,口味：5.0,环境：5.0,服务：5.0,[薄荷]环境：好 [服务铃]服务：好
蚝油腌海胆,口味：5.0,环境：5.0,服务：5.0,很浪漫的一家餐厅，菜品丰富，味道也很赞，值得推荐，赶紧来打卡吧
睿真灵活的小酆,口味：5.0,环境：5.0,服务：5.0,環境不錯 性价比高 牛扒好吃 服務好
幽默清秀哝哝狼,口味：5.0,环境：5.0,服务：5.0,牛扒肉质鲜美 牛扒午餐套餐优惠 性价比超高 很好吃 服务好
清秀轻柔呱呱蜥,口味：5.0,环境：5.0,服务：5.0,食物有質素，牛扒新鮮，沒有鬆肉粉醃製，水準一流 。
谦信轻盈的小梦,口味：5.0,环境：5.0,服务：5.0,第一次来雨花西餐厅，这里环境很优美复古，牛仔骨很好吃，饮料无限续杯，下次还来
yuyuyu,口味：5.0,环境：5.0,服务：5.0,雨花餐厅 老品牌，第一次过来吃，环境不错，服务也很好。食材很新鲜。味道很好哦。值得推荐
yt,口味：4.0,环境：4.0,服务：4.0,怀旧氛围感西餐厅。一个套餐就吃到扶墙走了…
匿名用户,口味：4.5,环境：5.0,服务：4.5,環境優美食物質素很好交通方便極近口岸
清丽能干哇哇蝌,口味：5.0,环境：5.0,服务：5.0,好吃位置国贸以后还会带朋友过来的
QueenieTse,口味：5.0,环境：5.0,服务：5.0,第一次來味道很好出乎意料下次带朋友过来吃牛排
夏季之旅_841,口味：5.0,环境：5.0,服务：5.0,环境不错，两个人288套餐吃很很撑，羊扒猪扒类味道很不错
红鱼先生的餐厅,口味：4.0,环境：4.0,服务：3.5,"口味儿还是非常不错的！牛排🥩烤的也不老（Ps我也不太吃的出来）但是饮品还有那个小蛋糕还是非常奈斯的！推荐推荐 [薄荷]环境:环境整体还是不错的，毕竟是一家老店了 整体来说还是比较推荐的，很奈斯，较推荐
收起评价"
龜兒,口味：4.5,环境：4.5,服务：4.5,环境不错 适合情侣约会 闺蜜聚会 口味也相当可以 蘑菇浓汤好喝 牛扒也好吃 团购的券感觉挺划算的
荔浦芋,口味：4.5,环境：4.5,服务：4.5,很好吃 环境很好音乐很好听 菜也很好吃
爱吃番茄_先生,口味：3.0,环境：3.0,服务：2.5,"整体感觉一般，突发奇想，突然想去吃一顿牛肉，我看套餐还是很划算的，点了带这个战斧牛排🥩感觉一般般，没有非常新鲜，但又不难吃吧，整体其他的配菜来说也是很一般了。环境的话有点吵，另外服务我觉得也很一般，叫了大半天才来人，整合考虑吧，如果很在意环境等的话建议别家了
收起评价"
匿名用户,口味：5.0,环境：5.0,服务：5.0,色香味俱全好吃好吃，下次还来。两个人吃到撑=͟͟͞͞ʕ•̫͡•ʔ
randy,口味：4.5,环境：4.5,服务：4.5,味道可以，服务员热情，菜品很好
草果灼辣椒粉,口味：5.0,环境：5.0,服务：5.0,好吃很好吃非常棒的口味使我的大脑旋转让我吃出了家的味道好吃。
超级大天才菲儿,口味：4.5,环境：4.5,服务：4.5,多春鱼一直味道在线，牛排宝宝觉得不错，软且多汁
执着-深圳,口味：5.0,环境：5.0,服务：5.0,[薄荷]环境:环境优美， [服务铃]服务:非常好吃， 性价比高。推荐，还会在来
匿名用户,口味：5.0,环境：5.0,服务：5.0,菜品精致，味道好吃，每个月必须来打卡，阿蓉服务态度超级赞，每次被她温暖到，以后还会常来。
hihi,口味：5.0,环境：5.0,服务：5.0,食物質素不錯，雜果沙拉好食，龍虾鮮味但較细小
涛涛海水Johnny,口味：4.5,环境：4.5,服务：4.5,前几天在深圳这家西餐厅吃的今天才想起来发布，总体还不错，除了牛排其它都是放题。
Joyce,口味：4.5,环境：4.5,服务：4.5,經朋友介紹，是東門附近的有名西餐。廳餐廳環境舒適安靜，適合單人或家庭。食品豐富，也有適合小朋友的菜式，上菜也有速率。
优美活泼咕吱蜂,口味：5.0,环境：5.0,服务：5.0,菜品精美，离地铁口近，方便寻找，味道很好，让我流连忘返
匿名用户,口味：5.0,环境：5.0,服务：5.0,第一次来味道不错牛排很嫩人也很多 服务也很好 性价比高
十二媽,口味：5.0,环境：5.0,服务：5.0,牛排超正！小食丰富！飲品多样！推介！推介！
白菜炝木耳丝,口味：5.0,环境：5.0,服务：4.0,"十几年前就来吃了，性价比还是很不错的，因为是七夕节，排了两个多小时才排上，排队没有休息的区域扣半分。服务员大多数服务很好，有一个上菜女服务员态度不行，摔盘子像甩脸色一样，扣一分。味道总体可以，牛排五成熟比较好，七分熟老了一点，下次还会来
收起评价"
CHITBES,口味：5.0,环境：5.0,服务：5.0,味道很不错 环境也舒适 菜品造型很好 古早风味 服务也特别好
银色眼睛的淡紫色猴子,口味：5.0,环境：5.0,服务：5.0,[薄荷]环境： 环境优美舒适。 [服务铃]服务： 服务员态度热情
王金玲,口味：5.0,环境：5.0,服务：5.0,牛排超预期的好吃，小吃也非常新鲜，味道非常赞，怪不得能开30多年的老店，赞赞赞，100个赞
刚勇清香的小晶,口味：5.0,环境：5.0,服务：5.0,环境优雅。菜品质量很好。食材新鲜。牛排火候刚刚好。鲜嫩多汁。服务态度良好。值得。来品鉴
PeterLui,口味：4.5,环境：4.5,服务：4.0,性價比高，食物質素中上，環境舒適，值得一試。
咖喱,口味：5.0,环境：5.0,服务：5.0,環境不錯 牛扒肉質鮮嫩多汁 副食放題 服務也好 性价比高 推荐
酱油烫青柠檬,口味：2.5,环境：3.5,服务：1.5,牛肋王還可以 翡翠螺過熟，太韌，吃不下 上菜速度快，可能是因為限時90分鐘 服務一般般 整體不要有期望
yi,口味：0.5,环境：0.5,服务：0.5,兩花的服務差，我們一行五人有六人位說不能坐，要六人才可坐，要再三要求才安排好坐位，食品又不好吃，不會再去
匿名用户,口味：4.5,环境：4.5,服务：4.5,环境让人舒服，口味还不错，开了很多年的店，一如既往的支持！
诚信真诚嘎嘎狗,口味：4.5,环境：4.5,服务：4.5,環境優雅 服務態度十分良好 食物質素很佳 跟朋友聚會慶祝生日首選地方🫰🏻🫰🏻
一顆自由的心,口味：0.5,环境：0.5,服务：0.5,點解星期日晚無需等位，是有原因的，伏伏伏
kikl,口味：5.0,环境：5.0,服务：5.0,[薄荷]环境： 环境很有氛围，很欧式 [服务铃]服务： 服务很到位，推荐！
匿名用户,口味：5.0,环境：5.0,服务：5.0,口味不错，环境不错，下次来深圳说不定还会来
徐仁國,口味：5.0,环境：5.0,服务：5.0,非常舒服的餐廳 鵝肝好美味 十分喜歡 慶祝生日 紀念日都非常適合！！！
虾腌海苔,口味：5.0,环境：5.0,服务：5.0,食物有水準，款式多 餐廳環境好有情調 很適合拍照打卡
璀璨诚恳呱呱狼,口味：5.0,环境：5.0,服务：5.0,牛排够滑环境宽敞浪漫不错还会再来
轻快稳重嘟嘟羊,口味：5.0,环境：5.0,服务：5.0,牛排味道很好，性價比高，地點也好找。專程從香港來吃了六七次了。
知足常乐,口味：5.0,环境：5.0,服务：5.0,这里我常来，孩子很喜欢。环境舒适，很能让人放松。好评！
Annie,口味：5.0,环境：5.0,服务：5.0,非常好的一家餐厅，食物水准高，服务好，下次会再来。 [薄荷]环境:
阿瑟最爱烧烤,口味：5.0,环境：5.0,服务：5.0,味道不错，好吃，食材丰盛，服务不错，环境优美，还会过来
Becky,口味：5.0,环境：5.0,服务：5.0,國貿店雨花西餐環境浪漫，服務態度非常好，上菜又快，味道又好吃，值得再來的西餐廳
candyso,口味：5.0,环境：5.0,服务：5.0,[薄荷]环境:优美 [服务铃]服务:好 牛扒很好吃 肉质鮮美 性价比高
與,口味：5.0,环境：5.0,服务：5.0,好吃 环境也好 服务态度也很好 很适合和姐妹一起探店 拍照也出片
勇敢出色呼嗷蝌,口味：5.0,环境：5.0,服务：5.0,这家西餐厅环境优雅，食物美味，服务热情周到，值得推荐！
温翠儀,口味：5.0,环境：5.0,服务：5.0,第一次來花雨西餐廳、真係好好味😋、下次再嚟過！
卡琦比,口味：5.0,环境：5.0,服务：5.0,餸菜口味不錯，副菜可以任點任食，又可以有甜品，絕對唔會食唔飽。
优秀开朗嘎嘎龙,口味：5.0,环境：5.0,服务：5.0,非常好，甜点，小吃随便吃。主食牛排也很新鲜，好吃真好吃！
匿名用户,口味：2.5,环境：2.5,服务：2.5,"間嘢查殘舊舊又污糟，上到去原來冇人帶位直接自己搵位坐，外表就好似高級餐廳，內裏就係茶餐廳，我哋選擇咗兩份午餐，焗螺好韌，牛扒叫七成熟變咗全熟，蘑菇湯好鹹，整體都麻麻地！ 只係服務態度比較好，食物質素好一般！
收起评价"
匿名用户,口味：5.0,环境：5.0,服务：5.0,環境十分清優典雅，服務員態度殷勤，我們入座四人位，環境十分舒適，燈光柔和，食物質素不錯，飲品也十分豐富，選擇什多！我下次會再來！
少女没有腰,口味：2.5,环境：2.5,服务：2.5,"[薄荷]环境： 感觉偏复古，环境一般般 [服务铃]服务： 感觉每个人都很忙，从进来门口就没有人接待，自己找位置坐，一直要招手叫服务 菜品「焗芝士薯泥」吃第三口就腻了，因为不想浪费，所以不会叫太多「意式香草盐焗翡翠螺」味道不够入味，我个人蛮喜欢吃螺的，但是有限制，只能点一次的「牛肉汤」好腻。总的来说一般般吧
收起评价"
康辉旅游璇,口味：5.0,环境：5.0,服务：5.0,还可以吧，吃的还可以，可以下次再来吃，服务也很好
礼智真诚的小晴,口味：5.0,环境：5.0,服务：5.0,环境很好，菜品上得很快，味道很不错，性价比高，
专业清雅隆隆狗,口味：5.0,环境：5.0,服务：5.0,环境好，性价比高，很好，下次还来，谢谢
SHANICE55,口味：4.5,环境：4.5,服务：3.5,这个餐厅服务态度不是很好，可能人手不够，食物一般，希望下次有所期待
**沛霖*,口味：1.0,环境：1.0,服务：1.0,"[薄荷]环境： 环境有点陈旧， [服务铃]服务： 服务可以说是很差，也没啥服务，叫下动动 「有机菠菜浓汤」这个是世纪难吃的，「鹅肝」拼的牛排感觉还行吧，今晚算是全场最佳了「紫苏嫩子多春鱼」这个是腥的都吃不下去，没有那样东西感觉是好吃的，我也不知道怎么上的必吃榜，也不便宜，吃就就跟预制菜一样，下次不会再来，
收起评价"
天真勇敢呜咽虾,口味：5.0,环境：5.0,服务：5.0,環境寧靜舒适，食物質量不差，服務員態度可以，價格合理!
欣欣lili,口味：5.0,环境：5.0,服务：5.0,"一間老牌的西餐廳，金光華附近，地點容易找，餐廳環境優美，看評論的羊扒好吃，果然不錯炒蘑菇特別美味😋有很多食品可以無限下單，不過一次就飽了，為了不浪費食物 我們決定不叫第二輪小食了，下次試牛仔骨 適合約會的好地方 ⋯
收起评价"
轻灵清澈呼噜蝌,口味：5.0,环境：5.0,服务：5.0,环境好 服务好 菜品好 好吃不贵 赞赞赞
熊丽凤,口味：5.0,环境：5.0,服务：5.0,剛享受完牛扒套餐，牛扒質素真的不錯，肉質算的鬆軟，伴碟燒汁真的不錯。
Jocelyn_1267,口味：5.0,环境：5.0,服务：5.0,菜品丰富，牛排鲜嫩，饮料好喝。环境优美凉爽，推荐来品尝。
匿名用户,口味：5.0,环境：5.0,服务：5.0,孩子要吃西餐，来了雨花，还不错，菜品很多，味道也很好
婷,口味：5.0,环境：5.0,服务：5.0,[薄荷]环境： 地理位置唔錯 亦都好近羅湖口岸 食物：10分多選擇，而且價錢10分便宜
Wynner健仔,口味：5.0,环境：5.0,服务：5.0,環境非常好，服務一流，菜品中性價比很高
善义幸福的小阳,口味：5.0,环境：5.0,服务：5.0,近關口十分方面 性價比又好 好多菜品賣相好味道不錯哦
谦谦俊秀的小观,口味：5.0,环境：5.0,服务：5.0,肉排还可以。鸡排还可以。羊排还可以
睿眼豁达咔嗒鹿,口味：5.0,环境：5.0,服务：5.0,牛扒好吃 性价比超高 环境优美 推荐
时间煮雨_5790,口味：5.0,环境：5.0,服务：5.0,就餐环境安静，气氛良好，牛肉汁水足，熟度到位，服务态度良好
慧贤有才的小易,口味：5.0,环境：5.0,服务：5.0,第一次味道好环境好服務棒吃的很满意下次再来
VictorLuk,口味：3.0,环境：2.5,服务：0.5,减肥餐，牛排好似小童手掌一般大，图片有西兰花和蘑菇，出来只有薯蓉和一些洋葱， 上菜程序有问题，先出牛排，食完后，蘑菇汤才到，饮完汤后，沙拉等了很久才上
Smilezi,口味：4.5,环境：4.5,服务：4.5,环境不错，味道好，值得推荐！值得推荐！
zz,口味：5.0,环境：5.0,服务：5.0,"老公睇到YouTuber 介紹呢間西餐廳,放假專登帶我嚟試下,¥306二人套餐超值,食物質素都幾好食"
清爽幸福呼啸狗,口味：5.0,环境：5.0,服务：5.0,环境非常之好，牛排特別赞，下次还会过来食
仁善谦虚的小凤,口味：5.0,环境：5.0,服务：5.0,菜品感觉很精致，也很适合我个人口味；小姐姐也很热情.
陈平123456,口味：5.0,环境：5.0,服务：5.0,非常好吃，经常来，服务非常满意
睿俊真心的小方,口味：5.0,环境：5.0,服务：5.0,牛扒好吃，性价比高，环境不错，推荐
爱吃韩式烤肉的安东尼,口味：5.0,环境：5.0,服务：5.0,牛排好吃、服務很好、上菜很快、麵包好吃、水果很甜😋
坚强美好嘟嘟蛇,口味：5.0,环境：5.0,服务：5.0,环境幽雅，服务人员素质较好，菜品特色挺好的，价格诱人
有爱清澈咕吱鱼,口味：4.5,环境：4.5,服务：4.5,很好吃，氛围很好，过生日、日常小聚、约个会的来这里挺好，
楠,口味：5.0,环境：5.0,服务：5.0,菜品口味还是很喜欢吃，环境也很美，第一次来觉得还不错，下次还会再来，然后环境啊，吃的都挺好的，五星好评，服务员服务态度也很好
嘿。_4102,口味：5.0,环境：5.0,服务：5.0,环境很好，菜品味道很不错哦，来过好几回了，值得推荐！！！
靛蓝色嘴巴的钢蓝色大象,口味：5.0,环境：5.0,服务：5.0,第一次来次 感觉非常不错 牛排口感很好 每个菜都可以品尝出是很用心做的 这次用餐体验恨愉快
匿名用户,口味：5.0,环境：5.0,服务：5.0,食物質素極佳，環境整潔舒適，服務員態度非常好
LAM,口味：3.0,环境：5.0,服务：2.0,食品可口，但服務極差，點菜之食物供應不足，每次都要催
俊俊清新的小韩,口味：5.0,环境：5.0,服务：5.0,非常不错，半个月吃了两次了，点赞🏻🏻🏻环境和性价比之选
匿名用户,口味：5.0,环境：5.0,服务：5.0,環境不錯，牛排真的很好吃，這個價位算超值了
匿名用户,口味：5.0,环境：5.0,服务：5.0,第一次来吃 味道鲜美食材新鲜 环境好服务热情周到 下次还来
大黑爷,口味：5.0,环境：5.0,服务：5.0,环境不错，牛扒好吃，性价比高，推荐
匿名用户,口味：4.0,环境：4.0,服务：4.0,款式多選擇， 服務態度不錯， 環境優美
璀璨踏实嘟嘟虎,口味：5.0,环境：5.0,服务：5.0,位置好找，环境好，食材新鲜，服务好，用餐愉快
明德真诚的小史,口味：4.5,环境：5.0,服务：4.0,国贸的雨花餐厅，分量大，适合约朋友，同事或家人一起来吃。这个黑椒汁很好吃！餐厅的氛围也很好，很有古典的感觉，可以选的种类也特别多，位置也很好找！
四月芳菲886,口味：5.0,环境：5.0,服务：5.0,菜品 环境 都特别喜欢，光顾好多次了……特别喜欢😇😇😇下次还要带朋友一起来，特别适合聚会。
忠德勤俭的小谢,口味：5.0,环境：5.0,服务：5.0,牛排味道很不错，配菜也好吃，自助吃到饱
谦义豁达的小奚,口味：5.0,环境：5.0,服务：5.0,菜品出餐还可以，环境不错，位置也很好找
清香温柔嘎咚虎,口味：5.0,环境：5.0,服务：5.0,很棒，性价比很高，还会再来，祝老板生意兴隆
clover_2576,口味：5.0,环境：5.0,服务：5.0,挺好的，环境服务菜品都不错，牛仔骨很嫩，值得推荐，
匿名用户,口味：5.0,环境：5.0,服务：5.0,倆个人买团购吃的很饱小吃任吃的牛排也好吃很美味
匿名用户,口味：5.0,环境：5.0,服务：5.0,第一次東味道好性价比高服务好吃的也很满意
Ting20030416,口味：5.0,环境：5.0,服务：5.0,这家餐厅性价比非常高，味道也不错，分量非常的足，下次可以带朋友再继续光顾
啊杰呐,口味：5.0,环境：5.0,服务：5.0,性价比超级高，分量也特别的足下次还要来666
匿名用户,口味：5.0,环境：5.0,服务：5.0,服务员热情积极，菜品新鲜，俩人吃得捧腹走。
Sudybaby,口味：5.0,环境：5.0,服务：5.0,牛排非常好吃，外酥里嫩，孩子特别喜欢吃。最后的冰淇淋，是他的最爱
能干诚实嗒嗒虎,口味：5.0,环境：5.0,服务：5.0,好好味，好有滿足感，好有地中海西餐館風格，下次壹定再來。
匿名用户,口味：5.0,环境：5.0,服务：5.0,味道不错 来过很多次了出品一直很稳定服务态度也很好
小姐,口味：5.0,环境：5.0,服务：5.0,环境优美，牛扒口味不错，服务也好，性价比高，性价比高，推荐
hare_,口味：4.0,环境：3.5,服务：3.5,口味：🐮板腱挺嫩，放题品种不多，但按份上量足 [服务铃]服务: 上菜快，打卡送放题菜单外的甜品，出品比菜单内的好 [薄荷]环境: 有靠窗位，地中海风装修
贤明聪明咕隆蝠,口味：5.0,环境：5.0,服务：5.0,环境 还挺不错，味道也蛮好，还是值得推荐
烟白色眼睛的桔黄色凤凰,口味：5.0,环境：5.0,服务：5.0,環境舒适.芒果沙拉.牛扒不錯！值得下试
柔和勤俭咕哝蝌,口味：5.0,环境：5.0,服务：5.0,款式多，味道幾好，環境幾好服務好。
不倒翁KiKi_3543,口味：5.0,环境：5.0,服务：5.0,之前我的生日也是选择雨花西餐厅，今天老公生日我们还是选择来这，对面就是国贸，服务还不错出品不错。
財記,口味：5.0,环境：5.0,服务：5.0,地方舒適，食物水準一流，服務態度水準高，值得推介
柔和耐心咔嚓蜂,口味：5.0,环境：5.0,服务：5.0,真的好吃，跟我老公来好多吃了，环境也舒服，价格不贵，值得推荐！
匿名用户,口味：5.0,环境：5.0,服务：5.0,味道：牛排很嫩，味道 不错，紫苏鱼柳挺香的。 服务：很热情
Chdrepeoxx,口味：5.0,环境：5.0,服务：5.0,味道不错 菜品种类也蛮丰富 环境很复古 不错 挺满意的
匿名用户,口味：5.0,环境：5.0,服务：5.0,"这家店在深圳以前有非常多的连锁店，现在变少了，可能更加专注于开好这一家店吧，总的来说个人感觉还是不错的，非常推荐喜欢吃西餐，都来他们家电视一下以前的价格挺贵的，现在来说性价比还是非常划算的，总得来说，体验感还是非常不错的，喜欢吃西餐都不要错过
收起评价"
AoATiNG,口味：5.0,环境：5.0,服务：5.0,價錢很親民，已吃過很多次，味道很好
张新,口味：5.0,环境：5.0,服务：5.0,牛排配红酒超级棒！小事份量很足，性价比很高！！
快乐轻灵嘻嘻蝉,口味：5.0,环境：5.0,服务：5.0,超级特别好吃 朋友推荐来的 服务非常好 幸福
匿名用户,口味：5.0,环境：5.0,服务：5.0,整體口味也很好，不太濃朱。環境坐泣寬敞。會再來。
huangyuanzhen,口味：5.0,环境：5.0,服务：5.0,环境很好，服务也很棒，食材新鲜，美味可口，抵食🏻
匿名用户,口味：5.0,环境：5.0,服务：5.0,环境优美，菜品味道优秀，就在地铁国贸e出口200米左右，还会再来。
勇勇活泼的小赵,口味：5.0,环境：5.0,服务：5.0,整体下来味道不错，用的双人300的券挺划算的，周六过来的早不用排队，服务响应也很及时。是一次不错的用餐体验
匿名用户,口味：5.0,环境：5.0,服务：5.0,性价比高味道好服务好牛排好吃小吃也可以无限任吃
匿名用户,口味：5.0,环境：5.0,服务：5.0,第一次來味道好性价比高风景美非常滿意
高尚纯洁咕吱马,口味：5.0,环境：5.0,服务：5.0,羊排很好吃，饮品种类多，推荐气泡水还有一颗椰子咖啡。
在香格里拉健身的蛋炒饭,口味：5.0,环境：5.0,服务：5.0,店里卫生很干净，很好吃，也很实惠
小龙虾腊章鱼,口味：5.0,环境：5.0,服务：5.0,環境不錯，口味非常好吃，性價比高，推薦
LiBen,口味：5.0,环境：5.0,服务：5.0,環境優美，食物美味，服務态度很好！
清丽大方咕咚虎,口味：5.0,环境：5.0,服务：5.0,食物質素高，環境優美，員工服務態度高，值得回味
sweetzxjing,口味：5.0,环境：5.0,服务：5.0,款式多，小朋友都很喜欢，牛扒很嫩
嗷呜,口味：5.0,环境：5.0,服务：5.0,口味可以，环境优美，菜品丰富，好吃美味，下次再来
匿名用户,口味：5.0,环境：5.0,服务：5.0,味道不错好吃 牛排好吃 薯条好吃不错下次还来
莂諟,口味：4.0,环境：4.0,服务：4.0,和閨蜜兩個人，想試的都試了下，整體感覺不錯。個人覺得焗螺好吃，黃油啤酒清新絲滑
在雄关古道跳舞的南瓜粥,口味：5.0,环境：5.0,服务：5.0,服務非常好 食物質素也好 價格也合理 值得再來
黑枸杞涮蒜,口味：5.0,环境：5.0,服务：5.0,该店牛仔骨出品良好，推荐！ 该店薯条非常实在，推荐！ 该店环境良好，推荐！
匿名用户,口味：1.5,环境：2.5,服务：0.5,"買了套餐卷有主食副食，副食可無限任食，服務員態度非常差，全程黑面， 當天晚上我們到店每個服務員說法都不同，A服務員說10點後不能加單，B服務員說要一次性下單，因後廚需要清潔下班，10點後不能下單，這個我們可理解，估計商家廚房可能比較大，需長達一小時清潔，這個有待考證，重點商家收晚上11點。我們第一次下單約9點幾，要求我們一次過全部下單，不能點第二次，但浪費食物又會額外收費，我們不知份量如何，又不想浪費食物，最後只點了一點點，食物質素正正常常，性價比低
收起评价"
黑木耳煮螃蟹,口味：5.0,环境：5.0,服务：5.0,"味道很好,牛扒很好吃,服务也很好,推！"
Roche_limit,口味：4.5,环境：4.5,服务：4.5,第二次来了，菜品一如既往的好吃，人也比上次多了，推荐！
在五台山打篮球的绿茶,口味：5.0,环境：5.0,服务：5.0,在**刷到的，第一次来吃，很好吃，约了朋友下次在来
梓璇,口味：5.0,环境：5.0,服务：5.0,牛扒非常好吃，环境优美，经常过来，性价比超高，下次还要介绍朋友过来
德知清香的小翠,口味：2.0,环境：3.5,服务：0.5,看完推薦才選這家，真系中晒伏！ 牛排韌到切不開 點了份心太軟 等了40mins++ 環境可以 沒有別的了
柔和快乐咕哝蛛,口味：5.0,环境：5.0,服务：5.0,环境优美非常有格调 菜品也很好吃 符合大众口味 服务员态度很好 上菜非常快 合适约会谈生意家庭聚会
匿名用户,口味：5.0,环境：5.0,服务：5.0,鵝肝入口即化，菜品味道不錯，環境也非常優雅
甜蜜睿眼咕咚狮,口味：5.0,环境：5.0,服务：5.0,食材新鲜，牛排剪的非常鲜嫩多汁！下次常来
贤毅有才的小海,口味：5.0,环境：5.0,服务：5.0,味道唔錯，款式多裝修可以服務態度好
匿名用户,口味：5.0,环境：5.0,服务：5.0,菜品種類頗豐富，口味也挺好的，飲料也各有特色，推薦！
麻莉妹子,口味：3.5,环境：3.5,服务：4.5,第一次吃，想不到價廉但食物質素極好，牛排5成熟剛剛好，好吃到不得了，我想我還會跟家人再來吃。
匿名用户,口味：5.0,环境：5.0,服务：5.0,菜品味道好，上菜速度快，服务态度好
清丽踏实嘭当猴,口味：5.0,环境：5.0,服务：5.0,牛排味道不錯，餐廳環境優美舒服，上餐速度挺快，量足夠，服務員殷勤，吃得飽飽
苏梓_7030,口味：5.0,环境：5.0,服务：5.0,菜品好吃不贵，餐厅异域风情，特别有情调，大家可以来打卡哈
唐,口味：5.0,环境：5.0,服务：5.0,味道可口，服務及環境一流，新鲜食物，尤其特飲有特色及多款
匿名用户,口味：5.0,环境：5.0,服务：5.0,环境挺好，挺不错，东西还行，性价比不错
匿名用户,口味：5.0,环境：5.0,服务：5.0,第一次来味道不错环境不错服务也很好 下次还来
朴实睿眼哝哝猴,口味：5.0,环境：5.0,服务：5.0,[薄荷]环境：位置方便，十分容易找到 [服务铃]服务：服務員態度友善，積極照顧客人 食物亦多選擇，美味😋
Ivanwong,口味：3.5,环境：3.5,服务：3.5,第一次來，環境決對可以，還未吃就覺得舒服，看菜單也蠻吸引，點評優惠性價比高
裕浓_8809,口味：5.0,环境：5.0,服务：5.0,服务很到位，套餐很划算，环境也很喜欢，值得推荐！约会的老根据地，祝店家生意兴隆
美好灵活咔嗒鸟,口味：5.0,环境：5.0,服务：5.0,好吃😋 经济实惠，服务好 第三次来了 下次继续来
礼善勤俭的小姜,口味：5.0,环境：5.0,服务：5.0,今天到這間餐廳食飯，主食的鵝肝很好吃，餐廳環境很不錯，餐飲也好多選擇。
庄先生的Kiki吖,口味：0.5,环境：1.0,服务：0.5,坐下来快10分钟，没有人给菜牌，没人理，进门语气态度极度差，我们还是订了位置的。。说了几遍姓什么，咋的差你这顿饭呢给我脸色看
忠勇英俊的小鲁,口味：5.0,环境：5.0,服务：5.0,各式扒類都很美味，食物種類也很多選擇，飲品也很好。
Original吧,口味：5.0,环境：5.0,服务：5.0,氛围感很好，菜品也不错，牛排很好吃，下次还会来。
Joanna_7126,口味：4.5,环境：4.5,服务：4.5,"整体环境超棒！随手一拍都很出片！ 意料之外的价格，菜品也是意外之外的精致！味道也很不错，买的卷副食可以无限续，简直太哇塞了，为了满足不同的需求，肉类还可以双拼，一份价格享受不同的味道！服务也很好及时收盘，上菜速度也很快，期待下次的姐妹聚会咯
收起评价"
贤俊睿眼的小范,口味：5.0,环境：5.0,服务：5.0,菜品挺好吃的，环境挺安静的，服务也很好，非常推荐来这里。
匿名用户,口味：5.0,环境：5.0,服务：5.0,第一次来味道很好 服务也不错 小朋友很喜欢吃他家的小吃 下次还会再来的推荐
匿名用户,口味：5.0,环境：5.0,服务：5.0,环境很好，服务好上菜快牛排也好吃很嫩 汁水也多 下次还来
匿名用户,口味：5.0,环境：5.0,服务：5.0,"屬於東門這邊的老店啦，估計起碼開了20年有了，每次都是跟老婆過來吃，扒類他們推出款式很多，每次套餐搭配有無限放題的小吃點心水果什麼的，擺盤好看，味道也好，就在金光華對面，二樓位置大路上一眼看到醒目招牌，雨花應該算的8090上好多人泡妞的首選
收起评价"
俊德清幽的小唐,口味：5.0,环境：5.0,服务：5.0,第一次来味道不错很好吃小吃也很多
Pei,口味：5.0,环境：5.0,服务：5.0,精致的装饰和温馨的氛围吸引着食客。菜品种类丰富，从经典的牛排到创意的融合菜，每一道都精心制作，味道鲜美。服务周到细致，让用餐体验更加愉悦。无论是家庭聚餐还是朋友小聚，西餐厅都是一个不错的选择。
Kyla_hkfoodie,口味：4.5,环境：5.0,服务：4.5,"🌈扶牆牛排+ 副食放題雙人餐 $306 坐低店員就會比張菜單嚟，上面有清晰嘅指引(๑´ڡ`๑) 今次我同朋友叫兩款扒｜其他副菜都可以任食 牛扒｜安格斯牛扒五成熟(o´罒`o) 牛扒比我想像中柔嫩多汁，完全唔會靭 羊架｜一共三枝大骨｡:.ﾟヽ(*´∀`)ﾉﾟ.:｡ 有羊香味得來又唔會覺得太濃 肉中間帶點油脂，風味十足 副食又係指啲咩呢థ౪థ 呢度就包括沙律｜餐湯｜意粉｜小食｜甜品｜飲品 大部份副食都係任點任食｜所以一定飽到癲 就算係副食都有晒擺碟｜誠意十足 大胃王一定要試吓意粉｜醬汁調得幾好食 飲品方面做得幾出色｜夠晒清涼解膩
收起评价"
一粒芒果,口味：4.5,环境：4.5,服务：4.5,"去的是国贸的金光华商城旁边这家开了20多年的老派西餐厅，环境复古典雅，拍照特别出片，两个人吃了个团购套餐，可以无限续一部分菜单，连吃几次生蚝贝类，有各种饮料无限续杯，最好吃的是战斧牛排，唇齿留香嘎嘎好吃，真是打工人周末放松天堂，下次带朋友来这里吃
收起评价"
水果糖,口味：5.0,环境：5.0,服务：5.0,服務周到，味道很好，環境優美，值得再來
RebeccaLui,口味：5.0,环境：5.0,服务：5.0,環境有歐洲風格，食物寸人得很快，最愛吞拿魚塔塔，翡翠螺。
苡沫,口味：5.0,环境：5.0,服务：5.0,很好吃，朋友也很满意，下次还会再来，服务也很好
热情高尚呼嗷蚕,口味：5.0,环境：5.0,服务：5.0,环境挺好，味道不错，是适合情侣去的地方
黄偉良,口味：4.5,环境：4.5,服务：4.5,十多年前去過一次，疫情也沒有關門，非常好！平宜也好食，一定再來！！
在长江三峡跑步的葡萄,口味：5.0,环境：5.0,服务：5.0,"菜品口味极佳 牛排很新鲜 小吃也很不错 极其有性价比 人均消费也不高 服务也很棒 [薄荷]环境：复古高级优雅很有情调 建议选座窗边车水马龙的感觉嘻嘻～ [服务铃]服务：服务相当到位点单各种很及时也很热情 总而言之相当值得推荐～
收起评价"
忠诚出色呼嗷猴,口味：5.0,环境：5.0,服务：5.0,環境優美，坐的舒服，食物質素非常好，而且服務令人愉快用餐！點贊🏻！
海鸭蛋烫木耳,口味：5.0,环境：5.0,服务：5.0,服务非常好 吃得非常饱 菜品也都没有问题 喜欢 下次还会再来
阿白,口味：5.0,环境：5.0,服务：5.0,食物環境優美 斧頭扒 絕對性價比高 一流，味道一流 舊日的情懷 還送了一個甜品 驚喜 多謝這裏的女經理
红糖油泼香糟,口味：5.0,环境：5.0,服务：5.0,咪道非常好，气氛环境也很好。值得打卡的一家餐厅。
阿泽_6690,口味：4.5,环境：4.5,服务：4.5,还可以，下回还来，经常在这里吃了
柔和聪慧隆隆猴,口味：5.0,环境：5.0,服务：5.0,安格斯牛排入口即溶。多春鱼好香够啦
雄美有爱的小倪,口味：5.0,环境：5.0,服务：5.0,美食抓住我的胃環境又好下次在來😋😋
maggie4656,口味：5.0,环境：5.0,服务：5.0,牛扒很棒，其他也不错，上菜快！
传说中的汪大侠****,口味：5.0,环境：5.0,服务：5.0,菜品新鲜，市区内能找到这么安静的地方不容易，环境也很好，灯都很有艺术感！吃得很饱！安格斯牛排、炸多春鱼、沙拉🥗、甜点都值得推荐！
欧密罗的胡必烈,口味：5.0,环境：5.0,服务：5.0,不愧是30年老店，味道和服务还有环境都很棒，超爱他们家的黄油芝士dirty超好喝，菜品物踩雷
匿名用户,口味：0.5,环境：0.5,服务：0.5,不推荐，点餐时服务员业务既不熟练，态度特别横，转身还说***，一副要打人的的架势，最后店里都没给说法
德德轻快的小傅,口味：5.0,环境：5.0,服务：5.0,环境很好，服务也不错，这边的套餐价格很实惠，第一次吃不清楚，所以都单点了。推荐肉类食物，处理的都比较到位
JoJo,口味：4.5,环境：4.5,服务：4.5,味道和賣相都非常好，價錢亦很平。
活泼真诚嘎咚狼,口味：4.5,环境：4.0,服务：5.0,服务周到 味道跟价钱匹配 肥牛扒很不错
枫琅天陵,口味：5.0,环境：5.0,服务：5.0,服务热情，菜品丰富，环境非常优美，
谦义轻灵的小莉,口味：5.0,环境：5.0,服务：5.0,牛排很嫩。来很多次了牛排一直很嫩 服务也很好
扇贝烤小麦,口味：5.0,环境：5.0,服务：5.0,第一次来吃味道不错很好吃 环境好服务态度好
MEI,口味：5.0,环境：5.0,服务：5.0,味道很不错，地理位置也很好，价格实惠，服务很到位，菜品很新鲜，非常nice
小羊,口味：5.0,环境：5.0,服务：5.0,菜品非常新鲜 味道也很好，环境不错
Hung,口味：5.0,环境：5.0,服务：5.0,点了套餐味道不错牛排好吃小吃也不錯
ASD95,口味：5.0,环境：5.0,服务：5.0,菜品很不错，牛排份量很大很嫩味道很好，薯条也特别好吃。物美价廉很满意。
善俊大方的小易,口味：3.5,环境：3.5,服务：4.5,環境超級舒服，服務態度也很好，價錢性價比很高
yyyy.,口味：5.0,环境：5.0,服务：5.0,[薄荷]环境：美式复古，背景音乐🎶都好喜欢哈哈 [服务铃]服务：服务及时，上菜挺快的～ 口味：都挺好的，正常西餐口味，值得尝试
隐忍的吃货,口味：0.5,环境：3.5,服务：1.5,"很久没去西餐厅了，这次的体验真的大跌眼镜，几杯饮料造型到位，战斧牛排也算性价比高，但是其他的真的不敢恭维！ [服务铃]服务： 但是某些工作人员态度昂慢，说话口气很差，让拿个东西没有回应. [薄荷]环境： 餐厅环境勉强还行，餐具很多都是破破烂烂的真的是对不起这家餐厅的环境. 菜品：有一份鱼柳腥臭味让人作呕🤮还有一份黑椒牛柳炒意面，端上来意面是热的，牛肉竟然是凉的？这是怎么炒的，严重怀疑是从其他桌上撤下去的剩牛排切来炒的.⚠️
收起评价"
匿名用户,口味：5.0,环境：5.0,服务：5.0,第一次来吃味道不错。牛排很嫩。好吃的菜品一绝的 下次还会再来的
一只贪吃鱼,口味：4.0,环境：4.0,服务：4.0,"点了个双人套餐战斧牛排 价格上还可以不贵 牛排还不错 挺大块 就是上菜后 服务员直接放那里 也没说来帮切下 最后是叫了他们来帮切 三文鱼塔塔比较好吃 蘑菇汤和牛肉汤好喝 扇贝一般般不太新鲜 红酒焗青口可以的 挺好吃 最后的自助 饭阿面阿 真的不行 又冷又硬
收起评价"
匿名用户,口味：5.0,环境：5.0,服务：5.0,靠窗位置风景很好价格实惠俩个人吃的很饱 也来过很多次了
匿名用户,口味：5.0,环境：5.0,服务：5.0,不错味道很好来过很多次了牛排却一直做的很好哦。套餐也很划算
吴忠革,口味：5.0,环境：5.0,服务：5.0,菜品味道不错小吃也不错牛排口感很好值得点赞
A0*末颜(友信),口味：5.0,环境：5.0,服务：5.0,第一次来这家店，真的惊呆了，价格划算，东西多，菜品也好吃，下次带朋友再过来吃
真忠清雅的小晓,口味：5.0,环境：5.0,服务：5.0,环境很好，适合拍照打卡，菜品干净清爽。
正虹吸,口味：5.0,环境：5.0,服务：5.0,环境特别好 安静舒适透气凉爽 食品新鲜
胡萝卜煮玫瑰花茶,口味：0.5,环境：4.5,服务：3.5,"買了一個二人套餐，打算三人行分享這個午餐而不致太飽，希望預留肚子給下午茶及享受一杯香濃咖啡吧！怎料餐廳服務員堅持要本人買多一個「個人套餐」才行，原因是沙律，湯品，飲品是無限添加，這樣就無緣享用“雨花餐廳”的菜品了，希望下次試試罷！餐廳環境及座位寬敞，是吹水的好地方。
收起评价"
美丽美好隆隆蝉,口味：4.5,环境：4.5,服务：4.5,味道不错。 环境好。 食物品类很多上菜也快服务好性价比也高，值得推荐
海参炖昆布,口味：5.0,环境：5.0,服务：5.0,朋友推介的，食物质量出乎意外的好吃，品相也很吸引，服務員非常親切，整体很满意。
晴天,口味：5.0,环境：5.0,服务：5.0,第一次来吃，味道很好，氛围也很好，服务很到位，菜品很丰富，下次可以跟朋友一起来
诚实大方呜咽猴,口味：5.0,环境：5.0,服务：5.0,很久没有来雨花餐厅用餐，这次来用餐很开心食物非常丰富而且价格实惠。
贤明开朗的小萧,口味：5.0,环境：5.0,服务：5.0,第一次来，感觉挺好吃的，便宜，菜式又多，套餐很划算哦！
在竹苑看书的煎牛排,口味：5.0,环境：5.0,服务：5.0,很好吃～店内环境很不错，服务员态度也很好！推荐！！！
秋葵腌咖啡粉,口味：5.0,环境：5.0,服务：5.0,这里的环境非常幽雅舒适，适合约会
150160cn,口味：5.0,环境：5.0,服务：5.0,环境不错很有气氛 第三次来了 推荐朋友来
是小言呐,口味：3.5,环境：4.5,服务：4.5,味道很不错，安格斯牛排好吃，云顶鲜奶茶很好喝
靛色眼睛的赭色仙鹤,口味：5.0,环境：5.0,服务：5.0,牛扒好吃，性价比高， 推荐 还会来
安123456静,口味：5.0,环境：5.0,服务：5.0,环境很好，安静，有氛围，牛扒味道都不错！
豬隊友,口味：5.0,环境：5.0,服务：5.0,"環境舒適,氣氛很好,適合朋友聚會,食物也很好味道"
岑儿,口味：5.0,环境：5.0,服务：5.0,[薄荷]环境： 晚上来的，环境挺好，人不多，靠窗，不会吵闹 黑椒水榄薄荷生牛肉挺好吃！推荐！！！
K.O.B.E._4305,口味：5.0,环境：5.0,服务：5.0,"1. ""菜品新鲜，口味正宗，服务周到。"" 2. ""环境优雅，菜品丰富，味道美妙。"" 3. ""服务热情，菜品精致，价格合理。"" 4. ""菜品多样，口味独特，份量适中。"" 5. ""环境整洁，菜品美味，服务快速。""
收起评价"
菲儿是吃货,口味：5.0,环境：4.5,服务：4.5,"多少深圳人的初恋是在雨花西餐厅度过的。 👴这里真的是好多老深圳人的回忆呀，开了几十年了🤩。 🎈环境依然很有格调，氛围感满满。 出品也非常精致，味道更是没得说，特别好。 我真的很喜欢这里，强烈推荐给大家💖！ #深圳 #雨花西餐厅 #老深圳人回忆 #环境有格调 #出品精致 #味道好
收起评价"
王小咴_8564,口味：4.5,环境：4.5,服务：4.5,"两大一小400多，消费算正常偏上。 慕名而来深圳年头挺久的西餐厅，我最喜欢的歌手王杰都光顾过，就得来尝试一下了。 环境还是挺有一种怀旧味道的，上菜也挺快，孩子挺满意，尤其是「满怀红柚气泡水」他很爱，红酒我喝着也不错，份量足够吃了。
收起评价"
璀璨真挚咕噜鹿,口味：5.0,环境：5.0,服务：5.0,战斧牛排很好吃 俩个人吃的很饱很满足 下次再来
ederkwok,口味：5.0,环境：5.0,服务：5.0,这里环境十分好，食物品质一流，服务态度好，性价比高，值得推荐。
贤明真挚咔嗒蛛,口味：5.0,环境：5.0,服务：5.0,深圳老式西餐厅，牛排鲜嫩多汁，服务也很周到，很喜欢。
夜猫仔,口味：5.0,环境：5.0,服务：5.0,口味：还算不错，牛排肉质不错，副食味道不错 环境：安静，氛围还行
清新热情呼呼蚊,口味：5.0,环境：5.0,服务：5.0,服务好，菜品口味不错，下次还来。
李樹鵬香港保誠保險,口味：5.0,环境：4.0,服务：5.0,餐廳食物質好， 牛扒份量也足， 副食品及飲品選擇也多， 非常豐富的牛餐。
LVLV呀,口味：4.0,环境：4.0,服务：5.0,"「黑椒牛肉丝炒意粉」不要点！没什么味道的！ 意面类的都不要点！没味道的！ 「炸薯条」这个好吃！但是很快冷！快点吃 「安格斯板腱牛排」我点的是安格斯但不确定是不是这个 总体来说还是不错啦 现在也没有什么客人，基本都是香港客人比较多，空调很足来的话要有件薄外套比较合适
收起评价"
匿名用户,口味：5.0,环境：5.0,服务：5.0,味道很新鲜，上菜速度，而且肉很嫩，炒饭粒粒分明，nice，推荐
爱吃荷包蛋,口味：5.0,环境：5.0,服务：5.0,好吃好吃 牛排多汁各种菜品都很入味
美丽果宝,口味：5.0,环境：5.0,服务：5.0,环境优美 服务环境好 地点很好找 推荐和闺蜜来！
谦虚真心呼呼蟹,口味：5.0,环境：5.0,服务：5.0,牛排很好吃，十分推介， 情侶十分推介
痞子张力,口味：5.0,环境：5.0,服务：5.0,非常好 餐厅服务很优秀 环境浪漫 适合情侣约会
在翼龙山撸猫的炒花菜,口味：5.0,环境：5.0,服务：5.0,牛扒好吃，性价比高，环境挺不错，
Bonny李先生,口味：5.0,环境：5.0,服务：5.0,[服务铃]服务:好 [薄荷]环境:优美 第一次来用餐，体验不错，还会来，性价比高
刚善出色的小爽,口味：5.0,环境：5.0,服务：5.0,第一次过来这边吃牛排 味道不错很惊讶上菜也快服务好
呵呵笑,口味：3.5,环境：3.5,服务：3.5,"睇YouTube 介紹、被戰斧牛排吸引、决定前黎一試！店舖近地鐵站、好方便！環境清幽、坐位寬敞！服務態度好、食物款式挺多、元貝Size 真的好mini =.=、其他食物質素、味道不過不失、還可以接受！值得大家、一試不妨！
收起评价"
清幽优秀呼呼蝠,口味：5.0,环境：5.0,服务：5.0,很不错，味道不错，摆盘精致，感觉很高级的样子
匿名用户,口味：5.0,环境：5.0,服务：5.0,喜欢喜欢，有点年轻时的味道「安格斯特级牛仔骨」
匿名用户,口味：4.0,环境：3.5,服务：3.5,限量的口味比较好，最爱磨菇、羊、虾沙律，红汤偏甜，紫苏鱼没甚么味，杂果沙拉较淡，苹果茶，意粉都不错。扇贝以为一份是一只，点了两份，幸好很小的一只，蒜味够香。除了没人收碟，整体还是不错的！
范范爱吃饭饭w,口味：5.0,环境：5.0,服务：5.0,很多年前来吃过，这次又来深圳就特地来一次。种类很多，食物很好吃，服务态度也很好。窗外能看到好看的街景
靥靥,口味：4.5,环境：4.5,服务：4.5,"[薄荷]环境： 是我想找的一家怀旧风氛围感的西餐厅，和对象约会超级有感觉 [服务铃]服务： 中规中矩吧 「芝士焗虾滑蘑菇」🍄‍🟫蘑菇蘑菇，好吃好吃😋「紫苏鱼柳」「紫苏嫩子多春鱼」紫苏，我的最爱，清香爽口，棒「牛油果法国香肠配蔬菜沙拉」意式风味的香肠，蔬菜很是新鲜！
收起评价"
雄忠聪明的小云,口味：5.0,环境：5.0,服务：5.0,来好几次啦 很好很喜欢 店里装修也很好 推荐～每次过来福田都爱来这里吃～
lily儿杨,口味：5.0,环境：5.0,服务：5.0,来过好多次了，很方便，味道也很不错，服务很好！
薛晓敬xxj,口味：3.5,环境：5.0,服务：4.5,"性价比还是很高的，他家，环境也很好，点了一个有鹅肝的，鹅肝煎过火，不好吃，扒类的就还可以，千万不要点炒饭类的自助，一点都不好吃，其他都很不错，饮料类东西也实在啊，可以去啊，哈哈哈哈哈哈哈哈哈哈哈哈哈哈哈哈哈
收起评价"
刚善善良的小澜,口味：5.0,环境：5.0,服务：5.0,东西很多，菜品很丰富，香草冰淇淋很好吃，值得来一下。
幽默,口味：5.0,环境：5.0,服务：5.0,这个餐厅非常的不错，牛排和沙拉都非常的新鲜都是现做的，非常的好吃
HAO,口味：5.0,环境：5.0,服务：5.0,态度很好，战斧牛排味道不错，下次再来
饭桌小旋风v,口味：5.0,环境：5.0,服务：5.0,菜品口味很不错，环境也很好，点赞战斧牛排，师傅会按照点的熟度做，太赞啦～
Siuli255,口味：5.0,环境：5.0,服务：5.0,"由香港過來吃😃性價比很高！ 只要點主菜，就會有前菜，小食，湯類，飯/意粉飲品任點（不是全部喔，有選擇範圍的，但也很足夠了） 點了牛扒拼鵝肝，有牛味也嫩，配芥辣醬很正。黑松露牛扒味道也很好。 另外，我們很喜歡南瓜湯，炒蘑菇，鳳梨百香果及西瓜汁等等💗💗💗
收起评价"
点小评4641524005,口味：5.0,环境：5.0,服务：5.0,環境舒適，佈置有氣氛，牛排味道很不錯。
小鱼学妹,口味：5.0,环境：5.0,服务：5.0,非常推荐 价格很平价 菜很好吃 推荐大家都来吃 服务态度也特别好 很赞
点小评5258260218,口味：5.0,环境：5.0,服务：5.0,点评上刷到，感觉还不错，性价比很高，环境很舒服，服务员很轻声细语询问用餐感受，反馈，可以推荐🍴🍴🍴🍴
韦新华12月20号泰国6天,口味：5.0,环境：5.0,服务：5.0,牛扒口味不错，性价比很高。推荐
活泼俊秀咔嚓蟾,口味：5.0,环境：5.0,服务：5.0,国贸地铁站出口很近，性价比高，斧头牛扒口感多汁肉质细嫩，值得推荐
SMYLo卢兒,口味：3.5,环境：3.5,服务：3.5,"第一印象是：这店当年应该是很輝煌耀眼的店舖，但畢竟是很旧，設施裝修都很旧，不過还好是很舒适，窗口的卡位很多，可以隨便坐。由於人少，上菜奇快，湯、沙拉、头盆、小吃、飲品⋯⋯一下子全部上枱！雖然是放題吃，但我们二人也不敢多点，主食的飯面都沒有点。這家牛排羊排好吃，心太軟巧克力熔岩也好吃，除此之外都是一般，尤其那个盐焗翡翠螺，勁靱咬不下，扇貝好细粒⋯⋯，湯点了蘑菇湯和牛肉浓湯，但兩样都十分稀⋯⋯！沒有意慾來第二次。最後，服務員工作勤奮，卻是欠缺積極和熱情⋯⋯。
收起评价"
小麻薯,口味：3.5,环境：3.5,服务：4.5,"性價比極高的餐廳，選了他的半自助餐優惠，除了主食，其他的副主食可以任吃，飲品亦是，根本是滿載而歸。以這個價錢來說，性價比十分高，食物速度快，質量亦不差，10分推薦這間餐廳。 如果是慶祝生日的話，餐廳亦會送出心太軟並寫上字句，10分窩心。
收起评价"
星瞳,口味：4.0,环境：4.0,服务：4.0,"老深圳人对雨花西餐厅应该都有印象，很多人应该都在那里吃过，随着深圳近年来大大小小各种餐厅的出现，雨花已经成了记忆中一部分，这次多年之后的再次品尝，还是有小惊喜的。 菜品有很多新的选择，还有性价比很高的套餐，几十元有多种搭配，味道也不错，新老深圳人都可以去品尝一下，推荐。
收起评价"
小樂樂的打手,口味：4.0,环境：4.0,服务：4.0,餐廳看起來很復古！有種進入90年代的感覺 牛排很嫩（谷飼戰斧牛排） 牛肉湯不錯 飲料推薦滿杯紅柚氣泡水
Ellllllly,口味：5.0,环境：5.0,服务：5.0,"用餐環境很好，不會很擁擠，整體裝潢很有復古味！ 店員都很有禮貌，而且用餐很快！！ 本次體驗戰斧牛排🥩，谷飼還是比較好吃一點 但是一般的也好吃 ，份量也好吃～ 副食整體都好吃 飲料也好喝～ 基本都不踩雷～我覺得值得推薦！
收起评价"
愛躺平,口味：4.5,环境：4.5,服务：4.5,"假日突然落雨去了地鐵站附近的西餐廳品嚐半自助餐， 在美團搜尋這間人氣不錯，叫了個二人半自助餐， 份量很多，而且味道不錯🏻 尤其是蘑菇湯令我非常喜出望外，味道濃郁，材料豐富， 而且有多款的二人餐， 單人餐以供選擇， 真是值得再去多次
收起评价"
Penny,口味：4.5,环境：4.5,服务：4.5,"[薄荷]环境：适合情侣约会，店内挺大的 [服务铃]服务：服务周到 有求必应 点了双人半自助餐，牛排很好吃！男朋友很喜欢 「安格斯特级牛仔骨」推荐！！ 「战斧牛排」这个也不错 个人喜欢吃全熟的 「土豆泥」糯叽叽的很好吃😋 「黄油芝士dirty」好喝！
收起评价"
samson,口味：5.0,环境：5.0,服务：5.0,點了羊扒拼雞扒 + 牛扒7成熟，擺設精緻有別於其他飲食餐廳，食物味道👅出奇香口有肉汁，而且套餐內容豐富…回味無窮…🤤..！感謝熱情招待緣份🌈
西兰花干煸鸭肉,口味：5.0,环境：5.0,服务：5.0,好久沒吃過高質高性價比的牛扒，這裡絕對是平民首選，環境乾淨舒適，服務員親切有禮，上菜速度快，絕對會再來
信仁开朗的小宝,口味：5.0,环境：5.0,服务：5.0,环境不错，牛扒好吃，服务也好 性价比高 推荐
颜君Angel,口味：5.0,环境：5.0,服务：5.0,亲，味道不错服务态度很好，下次还会来！
Arkcia,口味：5.0,环境：5.0,服务：5.0,空间宽敞，菜品种类丰富，味道复杂多样
五月,口味：4.0,环境：3.5,服务：3.5,"团了一个288的套餐 性价比还不错 两个人也能吃饱 额外点了一瓶法国红酒 口感酸涩 醒了有40多分钟还是一样 点了羊排拼猪扒 肉眼牛排 七分熟的牛排肉都感觉有点老了 还是猪扒比较嫩好吃 蘑菇汤也很好喝 某人说意面也很好吃 炒饭一般般
收起评价"
迪丶_758,口味：5.0,环境：5.0,服务：5.0,老店了，味道一直很好！辅食主食都做得很精致。
Zzz,口味：5.0,环境：5.0,服务：5.0,环境优美 音乐也很放松 让人感觉心情愉悦
林墨可,口味：5.0,环境：5.0,服务：5.0,环境优美，上菜速度快，非常不错，值得推荐，可以带上朋友来吃，推荐！
【已注销用户】,口味：4.5,环境：4.5,服务：4.5,味道真心不错 服务员有礼貌 「牛肋皇」还可以很好吃 这个巧克力心软熔岩很不错！好吃好吃好吃好吃好吃好吃好吃好吃好吃 [服务铃]服务：服务员很认真负责 态度很好 有微笑
是你来晚了,口味：0.5,环境：0.5,服务：0.5,"本来半星都不想给的 [服务铃]服务： 这个服务太差了。我们打电话问能不能订包间 昨天打的电话说人满了还可以定。今天还想去 打电话就不给 说看今天客户多不多 客户多就开放 不多就不给包间 明显的歧视 而且服务态度恶劣 还没去就去体验感非常差，这服务套态度再好的食材也不回去 完全影响口碑和心情。 现在评分高 是不是就不拿客户当人了
收起评价"
karin,口味：4.5,环境：5.0,服务：4.5,"两个人买了个战斧牛扒放题双人套餐，选择很多，甜品类任吃，其他套餐里的餐食实际分量不是特别大份，属于精致型，挺好吃的。红酒应该是餐酒类型，好入口，整体环境氛围都不错，值得一去。餐厅的菜单选择比较多，还可以套餐外单点。
收起评价"
絲絲甜絲絲,口味：5.0,环境：5.0,服务：5.0,服務態友善，環境舒適，食物選擇款式多同吸引，副食任點任食，可以再戰！:P
豚主任,口味：5.0,环境：5.0,服务：5.0,牛排还是一如既往的好吃，吃了很多年了，服务员态度很好
绵绵是个吃货,口味：1.5,环境：2.5,服务：2.5,三个人买的套餐 东西很一般 不怎么好吃 性价比一般吧
Joe,口味：5.0,环境：5.0,服务：5.0,这是第一次到雨花餐廳，食物和服務都很好。
豁达纯情呼嘘蝉,口味：5.0,环境：5.0,服务：5.0,牛肉鱼柳扒超级好吃，菜品美味，服务态度好！
夏之雪_90,口味：5.0,环境：5.0,服务：5.0,一家多年老牌西餐厅，环境安静，服务热情周到，品种多样丰富，一个有品质感的餐厅，点赞
匿名用户,口味：5.0,环境：4.0,服务：5.0,到深圳閒逛，網上看到附近有一間老字號西餐廳，地點方便。食物很不錯，牛排牛味好好，羊排很嫩，副食也好吃，飲品選品也多，真的很不錯！
匿名用户,口味：3.0,环境：4.0,服务：4.5,"在大众点评的推送下 惊奇的发现这种老牌的西餐厅居然上自助了……但是现在搬家搬得很远，除非是去罗湖跟朋友聚会就很难再回去。 找了个去「红糖罐(上步店)」喝酒的机会，提前来了罗湖，我记得我上一次吃这个餐厅的时候还是上大学。物是人非了 [薄荷]环境： 装修还是老样子 就是地板特别滑 [服务铃]服务： 很好 一个指定主菜 （牛扒）其他任点 牛扒不错的 很嫩 餐具啥的绝对把现在的网红店甩出几条街 辅材就不行了 「法式蘑菇浓汤」太稀了 没有奶油香 「俄式什菜牛肉浓汤」太甜 还是稀 「黑松露炒蘑菇」不行 我自己在家做的都比这个好 「焗芝士薯泥」也比以前差远了 「紫苏鱼柳」硬 「鱿鱼洋葱圈」nonono 「黑椒牛肉丝炒意粉」就我拍的这个样子 「芝士焗虾滑蘑菇」图三 大家自己看看吧 味道还可以…… 「法式南瓜汤」没有奶油香 任点菜单我发上来了，大家可以仔细的看一下。 总体来说性价比还是比较高的，大家可以来尝试一下。
收起评价"
美慧帅气的小余,口味：5.0,环境：5.0,服务：5.0,环境很好，第一次点套餐，好吃的，够吃
在银滩摇晃的煎饺,口味：5.0,环境：5.0,服务：5.0,牛扒口感不错，小吃也挺好的环境舒适，环境优美
t,口味：5.0,环境：5.0,服务：5.0,位置就在国贸黄金地段，店里音乐不吵但有氛围，灯光和插花艺术很好，食物非常可口好吃，总体来说非常推荐！
黄楠楠_3546,口味：5.0,环境：5.0,服务：5.0,点了战斧牛排，味道还不错，环境卫生也可以。
強,口味：5.0,环境：5.0,服务：5.0,服務好環境好食物一流🏻容主管🏻🏻🏻
可爱清澈唧唧猪,口味：5.0,环境：5.0,服务：5.0,环境不错，清净优雅，菜品新颖。服务周到。
小雨_1559,口味：5.0,环境：5.0,服务：5.0,这家餐厅的东西意想不到的好吃，全部吃光光了必须给赞
匿名用户,口味：5.0,环境：5.0,服务：5.0,环境和氛围都非常不错 而且就在路边也非常好找，菜品也好吃
鱼焉,口味：3.5,环境：4.0,服务：4.5,男主角说想吃肉肉，还是来吃牛排。牛排是主角，选的战斧，边缘肉质反而容易偏老。放题任吃是小食，芝士类的比较少，饮料可以选去糖很贴心！环境不错，很多小细节好看的
LRXTX,口味：5.0,环境：5.0,服务：5.0,五二零打卡雨花西餐厅 很浪漫啊 深圳老字号了 牛肉味道不错，很好吃，下次还来
520k,口味：0.5,环境：0.5,服务：0.5,主要是服务不行，让帮拿一下东西过来都很久，而且服务员都是黑着脸，感觉不会想再去了，后面因为自己有个蛋糕，想让他们给点冰块也不给，花了四五百买了个服务员的脸色。
LUCK_2289,口味：5.0,环境：5.0,服务：5.0,[薄荷]环境：好 [服务铃]服务：好
清幽迷人呼啸虎,口味：5.0,环境：5.0,服务：5.0,今天节日，等了两个多小时才等到 挺喜欢的 安格斯牛肉挺鲜嫩，不用其它酱料，就加点玫瑰盐也很好吃😋 翡翠螺也很喜欢 总体感觉非常不错 下次还会再来
贤明纯真嘀嗒狗,口味：4.5,环境：4.5,服务：4.5,环境很舒适，很适合约会或者聚餐，而且这里的服务态度也很好，都会问客人对餐品点评。味道👅奈斯，而且吃完还可以接着续👏 值得推荐
钢蓝色耳朵的黄色刺猬,口味：5.0,环境：5.0,服务：5.0,"环境舒適,美食好吃.打卡,聊天的好地方"
匿名用户,口味：5.0,环境：5.0,服务：5.0,菜品杠杠的，味道不错，环境舒适
匿名用户,口味：5.0,环境：5.0,服务：5.0,很有氛围感的一家牛排店，味道一级棒极力推荐。
*_cylan,口味：5.0,环境：5.0,服务：5.0,在这个特别的日子，因为等待孩子，商家特别安排一个舒适环境坐着等，上菜很快也很快，服务特别贴心！
SangoChen,口味：5.0,环境：5.0,服务：5.0,牛排很好吃😋各种小吃也很好吃😋第二次来啦😆下次还可以再来
乳酸菌喔噢喔,口味：5.0,环境：5.0,服务：5.0,在国贸附近的一家西餐厅，环境特别好，地理位置优越，希望越做越强。
匿名用户,口味：5.0,环境：5.0,服务：5.0,"[薄荷]环境： 环境不错 [服务铃]服务： 服务态度挺好「法式蘑菇浓汤」「法式南瓜汤」「黑松露炒蘑菇」「紫苏鱼柳」「炸薯条」「鱿鱼洋葱圈」「芝士焗虾滑蘑菇」牛排好吃，小吃随便吃也很不错，半自助性价比高，人很多也不能提前预定，但是可以网上叫号，不来会跳号。
收起评价"
牛奶焖陈醋,口味：5.0,环境：5.0,服务：5.0,牛扒好吃，性价比高，推荐，环境不错哦
匿名用户,口味：5.0,环境：5.0,服务：5.0,第一次来味道惊到了很好吃价格也很划算人很超级多下次还来
知信谨慎的小飞,口味：5.0,环境：5.0,服务：5.0,这家餐厅环境很好，非常干净整洁，食物不仅外形美观，重要的是味道非常棒，色味俱佳。清新爽口。而且菜品选择非常多，价格也不高，适合朋友一起去。
活泼清新呜咽蚊,口味：5.0,环境：5.0,服务：5.0,味道不错，好吃，服务也很好，东西不错，值得推荐
t1n9,口味：5.0,环境：5.0,服务：5.0,来很多次了，一如既往的好吃。人也很多。
开朗幸福囔囔蛇,口味：5.0,环境：5.0,服务：5.0,很好。很好。 超级好吃。美食赞
有猫有狗吃东吃西,口味：3.5,环境：4.5,服务：2.5,"第三次来了，每次来吃完都说不再来，但在附近还是会想到这家店，又来了，但越吃越觉得普通 [薄荷]环境： 环境很好，很适合拍照，看到好多人在拍照，厕所也挺干净的 [服务铃]服务： 服务非常非常非常一般，服务员只顾着上菜，不会看桌上是否有空盘要收拾，喊人点菜也要找好久，感觉里面服务员的职责分工很不清楚，让人最难受的是一开始点的dirty，等了一轮都没上，喊人催，三个人去催都没结果，最后说重新下单，然后又等了一轮，到最后要走才上，盯着出饮料的吧台，流水的饮品出餐却没有我的 🌼菜品： 「混合芝士焗澳洲龙虾」点了套餐里最贵的龙虾，点菜前对着菜单问是什么龙虾，说是小青龙，疑惑菜单上是澳洲龙虾，答曰澳洲小青龙并且说和菜单上的图不一样，只有半只，并且比较小，感觉店家不够实诚，大众套餐标价200+，菜单不到200，差别是少了半只龙虾多了两个贝。味道面的话中规中矩 「五椒安格斯牛排」和普通牛排比就是上面有辣椒，吃起来是辣的 「紫苏鱼柳」好腥，吃了一口就不吃了 「黑松露炒蘑菇」还不错，每次都点 「餐前面包」三个不同面包，挺开胃好吃的 「蒜蓉焗扇贝」不推荐 「土豆泥」还挺好吃的，热量炸弹 「鲜三文鱼塔塔」主要芒果味，芒果味好吃 「烟熏三文鱼沙拉」里面的肉吃起来不好吃，感觉不像三文鱼 「黑水榄薄切生牛」没啥味道，不晓得在吃啥 「法式南瓜汤」各类主食和汤，不好不坏尝尝味道填饱肚子 「山楂树之恋冰」喜欢他们家各类饮品，没次去都喝一肚子水。气泡水气足，今天试了一杯山楂，里面是草莓，浓浓的茶香，好喝。但上面提到的dirty没喝出来芝士黄油味，感觉就是普通加汤的拿铁 基本是把他家各类牛排都吃了，没有特别突出会二次想试的 整个餐厅就是吃氛围and自助感，建议先点牛排晚点点自助，避免吃太饱牛排上来后没那么美味了
收起评价"
漂亮勇敢咕唧螺,口味：5.0,环境：5.0,服务：5.0,环境不错，吃的也很开心，下次再来
小甘甘,口味：5.0,环境：5.0,服务：5.0,第2次再來食套裝，上次叫戰斧今次試另一個套餐，叫左安格斯和板腱牛排5成熟，肉質都很嫩囗。另外其他副食可以任叫任飲實在太滿足。這個價錢真的很超值
匿名用户,口味：5.0,环境：5.0,服务：5.0,味道很不错第一次来人很多小吃也是很给力 很好吃很棒
礼知璀璨的小萧,口味：5.0,环境：5.0,服务：5.0,这家餐厅不错，菜品精致美味还很划算，很有氛围感，改天再来哈哈喜欢
原来是你呀,口味：4.5,环境：4.5,服务：4.5,环境很好，菜品非常丰富，口感也很不错，
甜蜜纯真嗒嗒牛,口味：5.0,环境：5.0,服务：5.0,牛排不错买的套餐很划算价格也便宜 也很好吃俩人吃的很饱
明贤英俊的小冯,口味：5.0,环境：5.0,服务：5.0,味道很好，已光盘，服务也很好，下次还会过来
May_997971,口味：5.0,环境：5.0,服务：5.0,餐厅环境挺好的 服务态度不错上菜也很快味道不错
慕蓝_1643,口味：5.0,环境：5.0,服务：5.0,店里的东西非常美味可口，造型也好康，火候掌握的刚好，上菜速度特别快，香味独特，服务态度也好，就是让人赏心悦目的感觉！
仁刚天真的小伟,口味：5.0,环境：5.0,服务：5.0,牛扒非常好吃，性价比高，推荐 环境优美 好吃
havi_6641,口味：5.0,环境：5.0,服务：5.0,这个价格的半自助真的很高质量，推荐大家可以来试一下 很棒
义忠天真的小花,口味：5.0,环境：5.0,服务：5.0,在附近玩 到饭点了 看到这个餐厅评分还不错就来团购吃了，味道真的很不错 物美价廉，力推
匿名用户,口味：5.0,环境：5.0,服务：5.0,[薄荷]环境：很安静 适合拍照打卡 [服务铃]服务：上菜很快 东西也很好吃 无限吃赞
Gary_9573,口味：5.0,环境：5.0,服务：5.0,很好吃，值得推荐，环境优美，服务很好，可以回头再来！
EDDIE,口味：5.0,环境：5.0,服务：5.0,食物唔錯，地方舒適，服務態度好，可以再試
匿名用户,口味：5.0,环境：5.0,服务：5.0,和朋友一块来吃的人很多 一看就很不错 确实牛排很好吃 小吃也不错
莲藕卤黄姜,口味：5.0,环境：5.0,服务：5.0,很好吃，牛排很新鲜，推荐大家都来吃！！
kk525,口味：5.0,环境：5.0,服务：5.0,口味不错套餐两个人吃不完 还是一如既往的不错
德雄甜蜜的小易,口味：5.0,环境：5.0,服务：5.0,总体还比较不错，口味适合，氛围也比较安静
智刚出色的小秀,口味：5.0,环境：5.0,服务：5.0,小吃很好吃也是任吃不错味道很好第一次和朋友来这家西餐厅性价比高
LINSUN_7957,口味：5.0,环境：5.0,服务：5.0,环境复古，味道OK，吃的好饱，服务态度OK耐心。
真诚聪慧嘿嘿蜻,口味：5.0,环境：5.0,服务：5.0,老牌西餐厅，吃过很多次啦，牛排不错，小吃也很好
张记雄,口味：5.0,环境：5.0,服务：5.0,环境很好，味道很正宗，卫生干干净净
匿名用户,口味：5.0,环境：5.0,服务：5.0,很喜欢的西餐厅，环境氛围很好，而且很好吃。牛排很嫩。
花椒油泼莲藕,口味：5.0,环境：5.0,服务：5.0,口味不错、牛扒好吃、小吃任吃很爽、总得来说比较推荐
winwinlovers,口味：5.0,环境：5.0,服务：5.0,"雨花，80 后的回忆！ 我也是很久没有来了，这次朋友建议，来庆祝另外一个朋友生日🎂！ 现在很多套餐选择，扒类都很大分量，摆盘也很漂亮，加上这家环境也很复古，在这用餐就很舒服，一波回忆涌上心头，别有一番滋味在心间。开心的一晚！
收起评价"
阿歡,口味：5.0,环境：5.0,服务：5.0,環境舒爽，餐點精美，一處偷閒好地方
忠雄清幽的小海,口味：5.0,环境：5.0,服务：5.0,环境不错，服务热情，食物新鲜可口，价格优惠！
林夕梦_4124,口味：5.0,环境：5.0,服务：5.0,菜品不错，环境很舒服，服务很好，已经光顾很多次了
小毛不想跑步,口味：5.0,环境：5.0,服务：5.0,窗户位置很好环境不错 牛排也好吃 小吃也很多
善慧开朗的小华,口味：5.0,环境：5.0,服务：5.0,第一来味道不錯很好吃也很适合拍照下次再來
敏,口味：5.0,环境：5.0,服务：5.0,終於可以來吃了，在美團買了二人餐，打卡還送心太軟，限點菜品那我可以選生牛肉了🤭🤭下次可以再來！
糯敏糍不是糯米糍,口味：5.0,环境：5.0,服务：5.0,菜品可口环境优美卫生不错服务态度好
漂亮坚强哇呀蚁,口味：5.0,环境：5.0,服务：5.0,环境优雅舒适宜人，服务态度非常好，很温馨
Annie,口味：5.0,环境：5.0,服务：5.0,[薄荷]环境:好 [服务铃]服务:好 羊扒和牛扒都非常好吃 性價比高
茂猫毛冒,口味：5.0,环境：5.0,服务：5.0,太好吃啦，下次还来，来罗湖一定要来这家吃，太棒啦！！
明勇勤俭的小刘,口味：5.0,环境：5.0,服务：5.0,",点了个安格斯牛排很嫩好吃環境也很好值得來"
贤明开朗咕唧蚕,口味：5.0,环境：5.0,服务：5.0,菜很不错，自助餐很满意，吃了一次每次经过都想进来吃牛排😻
doris_7890,口味：1.5,环境：2.5,服务：2.5,怎么说呢 就一个排不错 其他任选的小吃真的很一般！意面还是冷的 任吃的菜品也很少都是些不值钱的东西 吃到后面都不知道吃啥了 这个价格来吃完全不值得 啥也没有 不会再来第二次
Vian98888,口味：5.0,环境：5.0,服务：5.0,咖啡很香，甜品好吃，环境安静，服务到位，推荐
深紫色眼睛的靛蓝色豹子,口味：4.5,环境：4.5,服务：4.5,挺好的呢，环境不错，菜品挺多！
精致的美羊羊桑,口味：5.0,环境：5.0,服务：5.0,环境优美，食材新鲜，环境舒服，服务态度很好
在枫叶谷健身的煎饺,口味：5.0,环境：5.0,服务：5.0,環塊不错，裝潢高級，很多食品選項，都很好吃
知礼谨慎的小空,口味：5.0,环境：5.0,服务：5.0,很好吃来过很多次了真的很棒的一家西餐厅
C.,口味：5.0,环境：5.0,服务：5.0,味道不错，环境还可以，他们家的暑条挺好吃的
木瓜焖娃娃菜,口味：4.5,环境：4.5,服务：4.5,套餐超值的，包兩種扒類，還有小食飲品90分鐘任點任吃，環境優美！值得再來！
匿名用户,口味：4.0,环境：4.5,服务：4.0,雨花西餐厅，深圳老字号的西餐厅，能生存下来不容易，环境舒适，价格公道，菜品很丰富，小食选择多。
璀璨坚强哝哝鹰,口味：5.0,环境：5.0,服务：5.0,服务态度非常好，菜品也挺丰盛，
朴实迷人呼嘘蝌,口味：5.0,环境：4.5,服务：4.5,这家东西很好吃。之前在福田我家楼下的，现在要跑到罗湖吃，不过好吃😋嘛，远也不怕啦。。环境很好，新加了放题任吃，不错
匿名用户,口味：5.0,环境：5.0,服务：5.0,很好吃，环境优美舒适宜人，菜品也很好，很不错，推荐大家来，很好很好
启帆体育·游泳俱乐部,口味：5.0,环境：5.0,服务：5.0,味道不错，上菜很快。环境也挺舒服的，下次还会过来
菓菓玫瑰,口味：5.0,环境：5.0,服务：5.0,环境优美，服务一流，味道超赞环境优美，服务一流，味道超赞
政毅妈妈,口味：5.0,环境：5.0,服务：5.0,雨花牛排真的好好吃，免费的小吃也很对，服务很棒。
贤睿轻柔的小鲍,口味：5.0,环境：5.0,服务：5.0,菜品挺丰富的，环境比较适合多人聚餐，环境很优美 适合约会
茉莉_350494,口味：3.5,环境：3.5,服务：3.5,[薄荷]环境： 一般，座位空间私密不是很好，口感也很一般，不过现在深圳做的西餐厅的水来越来越差，价格也越来越贵。
谦贤诚信的小宇,口味：5.0,环境：5.0,服务：5.0,环境好，氛围感十足，适合两口子一起
Ruan_3035,口味：5.0,环境：5.0,服务：5.0,环境优美舒适宜人，菜品种类丰富，战斧牛排很好吃，强烈推荐！
柔和俊秀咕咚蝌,口味：5.0,环境：5.0,服务：5.0,菜品丰富 战斧牛排好吃 环境优美 服务周到
大叔丫头耶,口味：5.0,环境：5.0,服务：5.0,老餐厅，出品不错，环境温馨，服务员很nice
Young,口味：5.0,环境：5.0,服务：5.0,深圳老店了，味道十分不错，环境也非常好
白色嘴巴的暗红色鸽子,口味：4.5,环境：4.5,服务：5.0,食物很美味，選擇很多，環境不錯，服務員態度很好。
梦之秋恋,口味：2.5,环境：2.5,服务：2.5,"[薄荷]环境:是一家老店了，可能就是因为时间太长久的原因吧，整个环境不是很理想，给人一种烟熏火燎像大排挡烧烤店的感觉，这只是我个人观点，抱歉 「牛仔骨」「紫苏嫩子多春鱼」「草莓冰美式」「安格斯特级牛仔骨」 [服务铃]服务:还行吧
收起评价"
俊信美好的小芳,口味：5.0,环境：5.0,服务：5.0,牛排好吃，多春鱼很赞，两个大人加宝宝都吃撑了。
暗红色嘴巴的铜色狗狗,口味：5.0,环境：5.0,服务：5.0,味道不错，环境也可以，桌面上有漂亮的小灯光
flypigpeng,口味：5.0,环境：4.5,服务：5.0,"和朋友过来一起尝试经典西餐，然后无意间选择了一个双人套餐，最后发现简直帅爆了，性价比好到爆…… [薄荷]环境： 环境氛围感很好 [服务铃]服务： 服务员很多，很热情很及时 整体就是性价比爆棚，大家都可以来试一试，选套餐最好
收起评价"
蛤蜊干煸花茶,口味：5.0,环境：5.0,服务：5.0,第一次来味道很好吃以后会经常来吃的整体都满意
轻柔帅气嘿嘿蝌,口味：5.0,环境：5.0,服务：5.0,牛扒口味不错，性价比高，环境不错，推荐
atlantis,口味：5.0,环境：5.0,服务：5.0,已经来好多次咯，很好吃而且品种很多。牛扒多汁，煮得也很好
軒,口味：5.0,环境：5.0,服务：5.0,南瓜湯溫潤可口，搭配香煎牛扒，再配上鬆軟的餐包，美味撲鼻。這道組合適合每個人，讓您感受溫暖的滋味，讓味蕾舒心滿足。
在黄果树打篮球的凉皮,口味：5.0,环境：5.0,服务：5.0,"哇 种草了 这家宝藏店铺 能在罗湖国贸开了近30年的西餐厅 真的老字号品牌了 很不容易的牛排🥩鹅肝靓酱汁也是绝了，总之就是好吃😋口感极佳，分量足，服务态度很好，总体性价比很高，值得推荐。 「安格斯特级牛仔骨」「法式蘑菇浓汤」「有机菠菜浓汤」「黑松露炒蘑菇」「法式南瓜汤」
收起评价"
匿名用户,口味：5.0,环境：5.0,服务：5.0,菜品非常精致，食味上不错，很符合大众的口味
Oliverlay,口味：4.0,环境：4.0,服务：4.0,出品好看，菜品美味，小朋友很喜欢。「牛肋皇」「安格斯特级牛仔骨」「战斧牛排」
聪慧清丽呱唧鹿,口味：5.0,环境：5.0,服务：5.0,"雨花餐厅一直以来给我的印象是，分量足，适合2人以上组团吃，如果人少且想要种类丰富的话，套餐的性价比会更高。 水果蔬菜沙拉口感一如既往不错，意外的是滑蛋通心粉有点好吃，培根滑蛋和通心粉一口下肚，口感更加丰富;主菜的牛排有点腥味，按理说8分熟不会出现这种情况;烧鸡味道一般，无功无过;鸡翅根炸得太过酥脆，魔鬼辣椒粉也难掩其食材本身味道，只有接近骨头那层鸡肉能吃。还有饮品热牛奶阿田华是巧克力+牛奶的组合，甜度适宜。
收起评价"
LISA_XU—2001,口味：5.0,环境：5.0,服务：5.0,口味非常不错，很久没吃西餐了，趴类很嫩，没有踩雷的菜品，下次还会再来的！
快乐精明咕唧蛛,口味：5.0,环境：5.0,服务：5.0,[薄荷]环境：優美 [服务铃]服务：好 牛扒好吃 性价比高
劳俊儒,口味：5.0,环境：5.0,服务：5.0,很丰富，味道也很好，非常喜欢，下次还会再来的
俊秀英俊嘻嘻羊,口味：5.0,环境：5.0,服务：5.0,本人今次是首次光顧雨花的，雨花給本人的感覺是地方整潔幽雅，服務態度十分到位，食品質量亦非常良好，雨花確是一間性價比非常高的歺廳。 我一定會推荐給朋友，而本人方會再次光顧。
黄豆烫生菜,口味：5.0,环境：5.0,服务：5.0,今天再次嚟到雨花，食物質素環境仍然保持最高水準，極力推介下次必定再來
匿名用户,口味：2.0,环境：1.0,服务：1.0,品质下降不少，还不甚清洁，导致数次腹泻；服务水平更是下降得厉害。再这样下去，估计关门是必然的
萝卜丝炝拌西瓜籽,口味：5.0,环境：5.0,服务：5.0,第一次吃真的很不错，特别是进口肉眼牛排好吃
紫色眼睛的暗青色豺狼,口味：5.0,环境：5.0,服务：5.0,不需要在不同人身上找新鲜感，这世上的汤汤粉粉、日料、西餐、六点的早餐，和半夜的宵夜
谦善机智的小爽,口味：5.0,环境：5.0,服务：5.0,环境不错，牛扒好吃，性价比高，推荐
仁雄灵活的小蒋,口味：5.0,环境：5.0,服务：5.0,牛扒好吃 环境优美 性价比超高 推荐
芥末粉干煸泡菜,口味：5.0,环境：5.0,服务：5.0,牛排很好吃，副食是任点的，上的很快，都是现炸现做的，来很多次了，最喜欢蘑菇汤🍄
京泽妈,口味：5.0,环境：5.0,服务：5.0,老字号，食品新鲜、品种多、味道不错，副食任吃
匿名用户,口味：5.0,环境：5.0,服务：5.0,第一次来 挺不错的 味道也很不错 可以尝试一下
tt1212rocketmail.co,口味：5.0,环境：5.0,服务：5.0,性價比高，食物美味，環境好，高雅，有特色，服務周到。
Lisahuang_4027,口味：4.5,环境：4.5,服务：4.5,份量足、服务好、环境也不错、饮品和甜品都很nice
赭色鼻子的钢蓝色鹈鹕,口味：5.0,环境：5.0,服务：5.0,第一次来罗湖雨花西餐厅，环境优雅舒适，服务员耐心周到的服务，牛肉和羊排口感非常棒，鲜嫩可口，菜品丰富多样。情侣和家人聚餐的好地方。
睿刚耐心的小唐,口味：5.0,环境：5.0,服务：5.0,口味美味😋，环境很有情调，值得去！
在非常山徜徉的红酒,口味：5.0,环境：5.0,服务：5.0,牛排味道不错，份量很足，餐厅位置好
匿名用户,口味：5.0,环境：5.0,服务：5.0,环境很OK，菜品也很美味，饮料可口。
ALiz金融顾问,口味：5.0,环境：5.0,服务：5.0,"两个人吃大概是两百多块钱的，一个套餐性价比很高，主食的话是一份，然后小吃可以无限量里面找苏打气泡水非常好喝，还有多春鱼，也是很不错的，特别喜欢里面的薯条，牛排也是很新鲜蛋糕，就很一般冰淇淋也很一般，其他都很不错。
收起评价"
foonfoonso,口味：5.0,环境：5.0,服务：5.0,地方舒服。滿意的一歺。有时间会再嚟嘅。
在布达拉宫漫步的绿豆,口味：5.0,环境：5.0,服务：5.0,食物可口，非常推荐前来这家西餐厅
匿名用户,口味：5.0,环境：5.0,服务：5.0,第一来味道很好吃服务好上菜快性价比高扇贝也很好吃 都吃完了
匿名用户,口味：5.0,环境：5.0,服务：5.0,很好吃 环境也很好 菜品也很新鲜 环境安静 适合情侣约会啥的
爱吃油炸鬼的小通,口味：5.0,环境：5.0,服务：5.0,想了很多年，特地来吃了，环境很好，田园风很幽静，很适合聚会聊天！！
匿名用户,口味：3.5,环境：3.5,服务：3.5,"dy买的288套餐 建议大家下单看清楚包含哪些东西 我这个套餐是只能选一份牛排的 另外一份只能猪排或者鸡排拼羊排 且比较小份 所以另外点了一份战斧牛排 战斧牛排味道很不错 鱿鱼圈炸得不好 里面的鱿鱼跟圈一咬直接分离的 三文鱼塔塔还可以 不会很大份 南瓜汤没有韩式烤肉店的好喝 套餐内包含的小菜 可以任意点 其中有几次交代服务员下单 等待了好一会儿再问都是讲没有帮我下到单的 不知道是有意还是无意 这点体验不是很好 感觉是因为服务员一直在变动的原因 建议可以一个服务员固定负责哪几桌的客人这样 照看好自己范围内的客人的点餐信息 避免出现乌龙 耽误时间！临走前点单了一份扇贝 等了好一会儿 再问怎么还没上来 服务员又是说没给我下 说现在下还要不要 而我已经懒得等待了
收起评价"
策,口味：5.0,环境：5.0,服务：5.0,环境很不错，出品很好，服务态度很 套餐是的很饱，下次还会光顾!，
在灵岩寺睡觉的白菜,口味：5.0,环境：5.0,服务：5.0,环境优美，菜肴美味，服务态度非常好，上菜非常快
匿名用户,口味：5.0,环境：5.0,服务：5.0,很好吃，吃了很久了，上次也来吃都很好吃。十分推荐。我敢对妈祖发誓
汪喵汪喵汪,口味：4.0,环境：4.0,服务：4.0,"很久没吃西餐了🍴 小时候跟着爸妈来吃，现在带着孩子来吃 还是那个装修风格 在大众上点了一个套餐，现场小朋友需要点 88 元套餐或同等价位的食品…食物有点多吃不完 推荐：三文鱼塔塔、鹅肝，儿童套餐也不错，西瓜汁和鸭屎香柠檬茶🍋好喝🤩 上菜速度很快，基本上不用等很久！
收起评价"
shidu66,口味：5.0,环境：5.0,服务：5.0,环境非常好，而菜品美味又实惠。非常稳定儿子考试得了a+，所以奖励他吃顿西餐，我跟孩子说下次语文数学考a+还来吃。有美味的牛排，炸鱼圈意粉，蘑菇，南瓜汤，扇贝等等
sonnycwd,口味：4.0,环境：4.5,服务：4.0,"[薄荷]环境: 深圳的老牌西餐厅了，听说了很久，今天终于慕名而来。它是半自助餐的形式，购买一个牛排主食然后副食就可以自助无限加。 「美国安格斯肉眼扒」牛排肉质不错，很嫩，搭配酱汁很好吃。 副食就比较一般，推荐「法国蜗牛」
收起评价"
信善璀璨的小罕,口味：5.0,环境：5.0,服务：5.0,套餐很划算 口味也不错 很好吃很赞
雄谦迷人的小海,口味：5.0,环境：5.0,服务：5.0,歺廳食物不錯，單人套餐很多東西吃，價錢不貴低吃。
俊勇清丽的小冰,口味：5.0,环境：5.0,服务：5.0,食物挺好吃，牛扒鮮嫩，環境很有情調，氣氛很好
牛肉腊辣酱,口味：5.0,环境：5.0,服务：5.0,双人餐 菜品多，味道也不错，两个人吃足够吃了，推荐
琉璃,口味：5.0,环境：5.0,服务：5.0,服务很好，菜品很多 环境很好，服务很多，食材新鲜＂下次再来
漪枝猫,口味：5.0,环境：5.0,服务：5.0,分量足，实惠，吃的饱饱的，种类丰富，牛排比较新鲜，服务好！
YF86,口味：5.0,环境：5.0,服务：5.0,Very good restaurant
qdwzd,口味：4.5,环境：4.5,服务：4.5,"在老牌西餐厅来顿副食放题！_2024/137 雨花西餐厅是深圳很老的一家西餐连锁品牌， 以前深圳各个区几乎都有分店，现在据说业务压缩，只剩两家了，最近他们家正在搞副食放题任吃的促销活动，刚好买了一个单人套餐，过来品尝一下。 这家的店面营业面积还是不小的，环境也很有品味。买的单人套餐有三个主菜是固定的，其他副食任选任食，牛排啥的都不错，副食品种不算多，但也足够了，老店出品口味品质还是很稳定的。
收起评价"
有爱纯情哇呀牛,口味：5.0,环境：5.0,服务：5.0,买的套餐.吃的很不错呀.环境不错.
匿名用户,口味：5.0,环境：5.0,服务：5.0,菜品味道不错，环境不错，服务态度也很好！
eddy.zhu朱学军,口味：5.0,环境：5.0,服务：5.0,食物好吃，环境挺好，适合聚会。
小蜜蜂,口味：5.0,环境：5.0,服务：5.0,店内环境温馨舒适，店员很热情，菜品多样化
晓鱼,口味：5.0,环境：5.0,服务：5.0,这家味道不错，环境也不错，位置好找
睿知朴实的小天,口味：5.0,环境：5.0,服务：5.0,十年来，坚持到雨花西餐厅就餐，质量非常稳定，服务态度优越，谢谢你们
芬,口味：5.0,环境：5.0,服务：5.0,環境舒適，服務態度很好，食物質素高 性價比極好。可以推薦。
grace_yakio1,口味：5.0,环境：5.0,服务：5.0,环境不错，牛扒好吃，性价比高，推荐
风正一帆悬_8903,口味：5.0,环境：5.0,服务：5.0,一如既往的高级出品，为深圳三十年老牌西餐厅点赞。
匿名用户,口味：5.0,环境：5.0,服务：5.0,可以好吃不错推荐不错不错不错不错不错
干辣椒煲奶油,口味：5.0,环境：5.0,服务：5.0,味道不错，环境挺好的，牛排挺鲜的，份量很足
谦德轻盈的小观,口味：5.0,环境：5.0,服务：5.0,味道很好，餐品样式多样，服务态度好
诚恳优美嘀嘀鹰,口味：5.0,环境：5.0,服务：5.0,"食物新鮮好味！環境清優,真得一試,必會再來."
梅子_979,口味：5.0,环境：5.0,服务：5.0,环境优美，猪扒和牛扒特别好吃，小哥哥帅态度还很好哦
chenfang123456,口味：5.0,环境：5.0,服务：5.0,环境不错，牛扒很好吃，性价比超高，还会在来
xiang_4959,口味：5.0,环境：5.0,服务：5.0,菜品口味不错，牛扒很好吃，性价比高，推荐
酒花蒸香蕉,口味：5.0,环境：5.0,服务：5.0,环境很好 人很多 菜品好吃 种类很多 以后还会来的 推荐大家来！
俊忠纯情的小尤,口味：5.0,环境：5.0,服务：5.0,口味不错，环境也很好，下次还会来💞
壮壮,口味：5.0,环境：5.0,服务：5.0,牛排非常好吃，一上来就给娃们瓜分完了； 小吃任吃，给力！
秀秀,口味：5.0,环境：5.0,服务：5.0,终于找到了这个店，味道还是一样那么好，非常好吃，一定会经常来，
真义轻盈的小严,口味：5.0,环境：5.0,服务：5.0,味道一如既往地好吃😋极力推荐
樱桃煎卡瓦粉,口味：5.0,环境：5.0,服务：5.0,环境优雅舒适宜人，服务周到细致，感觉很好
火腿肠灼章鱼,口味：4.5,环境：4.5,服务：4.5,"[薄荷]环境：环境很不错，就在地铁站附近的二楼，店里面是西式风格，品类真的特别多呢，上次带闺蜜去吃，两个人吃好撑也没有全部尝一遍，我觉得还是非常OK的，但是饭量要大，才能吃很多哈哈哈 [服务铃]服务：还OK 点菜快
收起评价"
匿名用户,口味：5.0,环境：5.0,服务：5.0,环境优美整洁，服务态度好，朋友情侣过来OK
清丽璀璨呼噜龙,口味：5.0,环境：5.0,服务：5.0,味道很不错，服务态度很好，很值得推荐！
曹晓东_9664,口味：5.0,环境：5.0,服务：5.0,食材新鲜，口味很不错。已经是这里常客了。公司就在附近，经常约好友来吃。性价比高
纯情耐心咔嗒鸟,口味：5.0,环境：5.0,服务：5.0,第二次吃，店内环境很漂亮，服务也很到位，牛肉品质很不错推荐安格斯雪花，脂肪含量高，总之整体很不错。(✷‿✷)
yuen,口味：5.0,环境：5.0,服务：5.0,美味可口，值得再來多次。服務態度非常好.
匿名用户,口味：4.0,环境：4.0,服务：4.0,裝修不錯，環境不錯。 味道不錯，服務也不錯。 價格可以。 只是服務員不主動送上餐牌而已。
鸿_9587,口味：5.0,环境：5.0,服务：5.0,菜品很合口味，牛排要的7成熟也刚好，整体环境都很复古，30年的老店还是值得信任
智慧有趣嘿嘿豹,口味：5.0,环境：5.0,服务：5.0,"菜品很新鲜,环境特别好,服务很好，推荐！"
睡着的肥牛.,口味：3.5,环境：3.5,服务：3.5,"[薄荷]环境： 挺安静的，灯光也是有点暗的那种，可能是我们去的比较晚，人不会太多 [服务铃]服务： 可能快下班了，都在搞卫生或者干别的事情，基本上没什么服务，哈哈哈哈「法式南瓜汤」它是咸的，在我的印象中南瓜是甜的，所以吃起来感觉怪怪的……吃完牛排他们收走餐具的时候把我的餐具也收走了没有给我拿回来，还要找服务员重新拿……
收起评价"
匿名用户,口味：5.0,环境：5.0,服务：5.0,雨花餐厅的餐品非常的新鲜，还有好吃。雨花餐厅的服务员，非常的友好
Nancy_873781,口味：5.0,环境：5.0,服务：5.0,味道不错，环境挺好，后期还会再来
在凌云岩品茶的烤鸡翅,口味：5.0,环境：5.0,服务：5.0,很好吃，出品味道很好吃，来过很多次
会员6009570,口味：5.0,环境：5.0,服务：5.0,牛排很嫩，美味！菜品很多选择，环境很好
allen_8880,口味：5.0,环境：5.0,服务：5.0,菜品不错，上菜速度快，服务员十分热情，环境一流
谦雄清雅的小宾,口味：5.0,环境：5.0,服务：5.0,环境很好，服务也很好，菜品不错，下次还会再来吃……
点小评1782474406,口味：4.5,环境：4.5,服务：4.5,"男朋友之前朋友介绍来吃过一次，特别满意，这次我们特意打车十几公里从南山过来吃。环境是复古的欧式装潢，菜品味道都很不错，没有踩雷的，我们点的是双人套餐，第一盘上的三文鱼塔塔就很出彩，很清新的味道。龙虾、牛排、翡翠海螺甚至蘑菇汤，都很满意。值得品鉴。
收起评价"
Max,口味：5.0,环境：5.0,服务：5.0,份量很足，味道不錯，以後有機會再來
信信清秀的小温,口味：5.0,环境：5.0,服务：5.0,服务态度好，环境不错，食品新鲜，味道好吃
逝水无痕_2889,口味：5.0,环境：5.0,服务：5.0,味道不错，小吃任吃，性价比高，价格比较实惠，环境安静
热情稳重咕唧马,口味：5.0,环境：5.0,服务：5.0,整体环境很好，味道调配也很不错，喜欢吃
毛毛,口味：4.0,环境：4.0,服务：4.0,"老牌雨花，真的是不知道吃了多少年了，从一个人，吃成一家人蘑菇汤，南瓜🎃汤还不错呢。安格斯牛仔骨挺好黑椒牛肉意粉，多春鱼，土豆泥，滋味羊排，都非常OK。喜欢再来一点点小薯条，小娃娃喜欢吃。百香果汁，棒棒哒
收起评价"
ananlove深圳品牌女装批发,口味：5.0,环境：5.0,服务：5.0,牛排口感很好，各种甜点都好吃，超喜欢过来 环境舒适，服务贴心
帅气真心呼嗷马,口味：5.0,环境：5.0,服务：5.0,打卡特别好吃爱了环境好真的参吵超级喜欢喵喵喵
朱姨,口味：5.0,环境：5.0,服务：5.0,服务满意。环境优美，牛扒好好吃，性价比高，推荐。
anan_7439,口味：5.0,环境：5.0,服务：5.0,环境特别好！！东西也好吃，特别喜欢蘑菇汤我真的特别喜欢特别好喝
Yontal,口味：4.5,环境：4.5,服务：4.5,一直想来想试下这个西餐厅，菜品很丰富，副食可以按需自助，环境也不错，位置挺好找的，推荐。
甜美轻柔咕咚蝌,口味：5.0,环境：5.0,服务：5.0,牛扒鮮嫩，羊排夠味。水果沙拉挺好味。
SM-WONG,口味：5.0,环境：5.0,服务：5.0,環境舒服，食品選項多，牛排好吃😋
匿名用户,口味：5.0,环境：5.0,服务：5.0,味道不错第一次来环境也很好比较复古 小吃也不错总之很满意
元祖天魔,口味：5.0,环境：5.0,服务：5.0,食物多，好食，環景又好，下次一定会再來！
的神,口味：5.0,环境：5.0,服务：5.0,"雨花牛扒光顧多年,食品很好,會經常來"
雄义清香的小褚,口味：5.0,环境：5.0,服务：5.0,環境非常優雅 衛生條件感覺還不錯 服務也非常有耐心 菜單上面的款式很多 不懂的可以詢問店員 非常樂意幫忙的類型 在這邊慶生是個不錯的選擇
芥末粉炝普洱茶,口味：5.0,环境：5.0,服务：5.0,环境很好，上菜也很快，味道还不错，很适合约会打卡~
偷偷的吃不告诉你,口味：4.0,环境：5.0,服务：4.0,老牌子了，在深圳开了很多年了， [薄荷]环境： 非常好 [服务铃]服务： 服务好，性价比，，还是挺划算的
匿名用户,口味：5.0,环境：5.0,服务：5.0,味道不错很好吃来过好几次了 小孩子很喜欢吃他家牛排
匿名用户,口味：5.0,环境：5.0,服务：5.0,第一次來不錯味道很好很好吃 服務也好上菜也快
小Z,口味：5.0,环境：5.0,服务：5.0,"救命啊！！！谁懂啊，家人们，他家的牛排做的真的好好吃啊！！！我感觉这是我有史以来吃过最好的牛排。牛排色泽靓丽，很有食欲，闻起来香味俱全，让人直流口水啊，想要忍不住的咬几口。还有搭配的水果、饮料，真的是棒极了！以后常来这家店做客，服务也很好。
收起评价"
匿名用户,口味：5.0,环境：5.0,服务：5.0,环境服务都可以的，值得推荐，不错的
西红柿煲芒果,口味：5.0,环境：5.0,服务：5.0,味道好吃 环境好 服务态度很好 下次还来吃
白兰地煮花椒油,口味：5.0,环境：5.0,服务：5.0,挺好的 第一次来吃 风景很好 羊排赞 蘑菇汤赞
匿名用户,口味：5.0,环境：5.0,服务：5.0,"第一次来这家餐厅，之前一直听朋友强烈推荐，这次终于来啦，果然没有让我失望。位置特别好找，直接跟着导航走，一下子就看到啦，环境整体也很不错，特别推荐他们家的牛排，还有蘑菇汤，牛排很嫩，很好吃，推荐推荐。下次再来
收起评价"
贤信纯真的小宾,口味：5.0,环境：5.0,服务：5.0,一個雙人套餐，吃到扶牆走～～很劃算。值得一家人一齊來。
热情英俊呜呜豹,口味：5.0,环境：5.0,服务：5.0,味道好好吃🍽️，氛围很好，可以过来拍照打卡很奈斯
何總,口味：5.0,环境：5.0,服务：5.0,牛扒好味，食物種類選擇多，服務也很好，環境很浪漫舒適。
Cherry喜欢吃海苔,口味：5.0,环境：5.0,服务：5.0,好好吃！战斧牛排最好吃！！环境也不错！
轻快耐心呱唧蟹,口味：5.0,环境：5.0,服务：5.0,牛扒非常好吃 性价比高 推荐 還會介紹朋友來
匿名用户,口味：5.0,环境：5.0,服务：5.0,点了一份战斧牛排。很大俩个人够吃了吃的很饱 上菜也快服务好下次还来光盘行动
白箭鱼煲啤酒,口味：4.5,环境：4.5,服务：4.5,「安格斯特级牛仔骨」「法式南瓜汤」「法式羊排配香草薄荷汁」还行
甜美美好咕隆狗,口味：4.0,环境：5.0,服务：4.5,第一次來雨花，环境很好，食物款色很多，价钱合理，值得一试
源,口味：5.0,环境：5.0,服务：5.0,上菜快，服务好，新鲜食材，座位舒服
希望,口味：4.5,环境：4.5,服务：4.5,菜品口味比上一次的要改善多了，环境也不错
礼真精明的小艳,口味：5.0,环境：5.0,服务：5.0,很精致，牛排厚实，猪排很惊艳很嫩汁水饱满，鹅肝入口即化。副食也不错。赞🏻
俊明真诚的小雷,口味：5.0,环境：5.0,服务：5.0,饮料很好喝，强烈推荐山楂！！菜品也很丰富新鲜～
szefongfong,口味：5.0,环境：5.0,服务：5.0,菜品味道不錯，環境寬敞，服務小姐姐好，
鱼炝章鱼,口味：5.0,环境：5.0,服务：5.0,环境很舒适，菜品比较有特色，食材丰富，味美，服务周到
Annie,口味：5.0,环境：5.0,服务：5.0,环境不错，食材新鲜，服务态度很好！
在海坨山放风筝的青椒,口味：5.0,环境：5.0,服务：5.0,菜品丰富，环境是那种复古风，很舒服，价格实惠，值得推荐
GxG,口味：4.5,环境：4.5,服务：4.5,牛排都吃完了，牛肉炒饭好吃，主食小吃饮料任点，小吃也好吃
在森林公园大笑的荸荠,口味：5.0,环境：5.0,服务：5.0,服务特别好，环境也很好，很多都能免费续。
理想国,口味：5.0,环境：5.0,服务：5.0,牛排很好吃 小吃也还不错性价比高。环境好服务好
丨,口味：5.0,环境：5.0,服务：5.0,[薄荷]环境:非常舒适 [服务铃]服务:非常好
匿名用户,口味：4.5,环境：4.5,服务：4.5,餐厅地址很好找 整体环境氛围很放松 菜品也很不错🏻
善礼专业的小邦,口味：5.0,环境：5.0,服务：5.0,环境好 服务贴心 上菜快 果然是老牌餐厅
竹兮以木兮Eva,口味：5.0,环境：5.0,服务：5.0,鹅肝好好吃😋环境也很好，服务也很好。
砚宝宝,口味：4.0,环境：5.0,服务：4.0,"[薄荷]环境： 第二次来这里吃了，这次坐的靠窗位置，更巴适，还可以看街景。氛围挺安静浪漫的。 还是吃的牛排加副食放题，牛排很不错，副食种类比较少，虽然是放题，但其实吃一次就很饱了，副食的东西还是挺饱腹的。 [服务铃]服务： 还可以，不过需要自己叫服务员收碟子，不像其他自助餐厅那样随时观察主动来收拾。
收起评价"
出色睿眼嘿嘿蟾,口味：5.0,环境：5.0,服务：5.0,菜品丰富 齐全滋味完美 非常好吃的西餐 感到非常满意的西餐
谨慎优美隆隆羊,口味：5.0,环境：5.0,服务：5.0,菜品有特色，有質素，飲品果汁好新鮮，紅酒品質都好好，環境氣氛服務，相當滿意
小菜鸡在学飞,口味：5.0,环境：5.0,服务：5.0,牛扒有牛扒味，蘑菇有蘑菇味，三文鱼有三文鱼味。点评的时候已经锅干碗净了，只能拍环境了
cease_1891,口味：5.0,环境：5.0,服务：5.0,菜品口味良好，环境优雅，适合约会
liu1989919,口味：5.0,环境：5.0,服务：5.0,超赞的，一个套餐，通通都光盘行动啦。
匿名用户,口味：5.0,环境：5.0,服务：5.0,菜品好吃，速度很快。服务很好。推荐大家来尝试一下
exocanlie,口味：5.0,环境：5.0,服务：5.0,味道很好吃，服务态度也很好，也很容易找到，就在国贸地铁口附近，喜欢他们的牛排还有青口，推荐过来吃哦
Tage-Tin,口味：5.0,环境：5.0,服务：5.0,这家在金光华广场隔壁的西餐厅非常不错，可以值得一试
匡喜歌*你我就幸福,口味：5.0,环境：5.0,服务：5.0,是深圳法国餐厅老店，味道很好不错，以前价格贵些，现在网上团购很划算了
荳花男,口味：5.0,环境：5.0,服务：5.0,我是他们的老顾客了，从福田店追随到罗湖店，品质依然。牛排超出一般水平，性价比极高。环境优雅，服务也很到位贴心，是约会谈心之选。
德鳴,口味：5.0,环境：5.0,服务：5.0,想食物的速度非常快，對待我們客人也非常周到絕對會再次來。
贤睿勤俭的小刘,口味：5.0,环境：5.0,服务：5.0,地理位置和环境都挺好，套餐量可以，味道都OK，适合情侣一起过来
义雄谨慎的小宾,口味：5.0,环境：5.0,服务：5.0,第一次来很惊讶 确实还不错牛排很好吃 味道很好 下次还来
blue,口味：4.5,环境：4.5,服务：4.5,餐廳牛扒很好吃，上菜速度很快，服務很好
LX_5406,口味：4.5,环境：4.5,服务：1.5,"晚上去的雨花餐厅，线上排队方便了很多，我们在隔壁商场逛了大概40分钟，就排到了。进去的氛围都很棒，有落地窗可以看到外面的夜景。小吃和甜品都很美味，牛排也很嫩，但是吃到一半服务人通知我们最后一次点单，我们点单之后一直到下班都没有做，官方解释是：服务员忘记了。这很难评。
收起评价"
墨鱼烩鱿鱼干,口味：5.0,环境：5.0,服务：5.0,环境不错 ，东西味道好，很好的一次体验。
lilychen_123qq,口味：5.0,环境：5.0,服务：5.0,牛扒放题，小吃任吃，太爽了，点的安格斯牛肋皇，7成熟，口感很好，份量很足。黑椒意面做得也很好吃，饮料一口气喝了两杯，扶墙出去了。
冬虫夏草炝柚子,口味：5.0,环境：5.0,服务：5.0,牛扒肉质不错 性价比超高 好好吃 服务好
wu_楚婷,口味：5.0,环境：5.0,服务：5.0,小容服务很好，上菜也挺快。菜品也挺多，还有任点的副食
明真纯情的小婉,口味：5.0,环境：5.0,服务：5.0,斧头牛扒口感很好，很新鲜 本人喜欢吃五成，但可能 师傅比较忙，火过了一丁点， 服务员的态度亲切，有礼， 下次一定会再来。^ ^
可爱朴实嘎咚蛇,口味：4.0,环境：5.0,服务：5.0,环境非常优美，食物精致，很有格调，种类选择多，非常适合热恋中的情侣约会，性价比极高，大推！
Benz_2744,口味：5.0,环境：5.0,服务：5.0,很豪华的套餐，非常满意，会再来光顾，值得推荐大家
在五台山聊天的豆腐,口味：5.0,环境：5.0,服务：5.0,環境很好！味道不錯！很難忘的一個晚上！讚！
szlxmm,口味：5.0,环境：5.0,服务：5.0,量非常大，份量足，两个人吃非常满足
星星,口味：0.5,环境：0.5,服务：0.5,吃完闹了3-4天肚子才好的，商家没点表示
芳芳_BBMM,口味：4.5,环境：5.0,服务：4.5,一如既往的满意，菜品丰富，服务热情！
谦虚真诚咕噜猫,口味：5.0,环境：5.0,服务：5.0,环境不错，牛扒好吃，性价比高，推荐
小苑也要喂鸟,口味：5.0,环境：5.0,服务：5.0,整体环境优美；菜品丰富；下次继续观顾
匿名用户,口味：5.0,环境：5.0,服务：5.0,菜品不错，有单人双人套餐，情侣过来，环境比较复古，可打卡
匿名用户,口味：5.0,环境：5.0,服务：5.0,来了很多次了很好吃 牛排很嫩也很好吃性价比高
小暴暴,口味：3.0,环境：4.5,服务：4.0,"来拔草🌿，刷点评的时候种草的，看到副食任吃，感觉还是挺有吸引力的哈。 不是很好停车🅿️，去的时候已经过了饭点，等位不多，很快就排到了。 环境是真的挺好的，就是座位挨的太近。 上菜比较慢，味道也一般，本来种类就不多还有很多缺货。
收起评价"
清幽谨慎嘟嘟鹰,口味：5.0,环境：5.0,服务：5.0,生扒非常好吃 性价比超高 推荐 还会介绍朋友来
黑豆煲火龙果,口味：5.0,环境：5.0,服务：5.0,相当不错，货美价廉，环境也相当不错
优秀美好呼嘘熊,口味：5.0,环境：5.0,服务：5.0,服務好，環境舒適，食物質素好味
匿名用户,口味：5.0,环境：5.0,服务：5.0,牛排和小食都不错，服务也非常到位
贤忠轻柔的小芬,口味：5.0,环境：5.0,服务：5.0,[薄荷]环境:好 [服务铃]服务:非常好 牛扒非常好吃，鲜嫩多汁，
朴实轻盈呼嘘蟾,口味：5.0,环境：5.0,服务：5.0,菜品不错，吃光盘了，蘑菇汤超好喝
俊秀勤奋咕吱鸟,口味：5.0,环境：5.0,服务：5.0,食材新鲜，服务比较到位，特别喜欢这里的海鲜类跟肉类，好满足
丽萨讨厌瑜伽,口味：5.0,环境：5.0,服务：5.0,真的超级超级好吃，拍照真的很上镜，推荐西柚气泡水
一只小青蛙,口味：4.5,环境：4.5,服务：4.5,"提前一个礼拜约好的小聚会 选在老罗湖记忆中的雨花西餐厅 30多年的历史了 不能说她老 只是主打复古风 上一次来还是2015年 「法式南瓜汤」 「战斧牛排」味道中规中矩 「黑松露炒蘑菇」好吃😋 「意式香草盐焗翡翠螺」新鲜 「蓝橙凤梨莫吉托」出品 味道都是我喜欢的 开心🥳
收起评价"
威仔_5330,口味：4.5,环境：4.5,服务：5.0,味道不错 价格实惠 活动很划算 下次再带朋友过来体验
dpuser_3288730886,口味：5.0,环境：4.5,服务：5.0,今天無意中經過，沒想到雨花還在，老深圳人吃的不止是情懷，出品完全出乎意外比以前更佳！下次帶兒子再來告訴他爸爸媽媽以前來這節情人節😘
黑木耳炒花生酱,口味：5.0,环境：5.0,服务：5.0,味道不错，味道很好，环境很安静
黑豆酱油泼黑咖啡,口味：5.0,环境：5.0,服务：5.0,环境好，服务好，食物好，质量高和多选择，值得推荐。
慧真清新的小夏,口味：5.0,环境：5.0,服务：5.0,口味非常好，菜品新鲜，制作的非常精细，很美观
匿名用户,口味：5.0,环境：5.0,服务：5.0,环境很安静也很干净，点的是套餐好多选择，汤品都好意外赞！！牛肉也超级嫩！！ 下次还会再来
宫崎儆瑶,口味：5.0,环境：5.0,服务：5.0,非常不錯 上菜很快 服務也很好 下次還可以打卡
在黄山遛狗的凉皮,口味：5.0,环境：5.0,服务：5.0,第四次来了，很好以后还会来吃的，量大价格实惠，环境好服务好
匿名用户,口味：5.0,环境：5.0,服务：5.0,环境不错，牛扒嫩口多汁，色香味俱全，老字号还是值得信赖。
匿名用户,口味：5.0,环境：5.0,服务：5.0,环境很不错，氛围很好，食物口感细腻，强烈推荐！
卡瓦粉拌扇贝,口味：5.0,环境：5.0,服务：5.0,点了个战斧牛排很好吃两个人吃的很好服務也不錯
W~凯旋,口味：5.0,环境：5.0,服务：5.0,第一次来这家店，朋友一直在推荐，牛排挺嫩的，很好吃，牛油果沙拉也好吃，推荐。
仁慧可爱的小何,口味：5.0,环境：5.0,服务：5.0,好吃划算，环境很好，上菜也快，服务很好
马伟星,口味：5.0,环境：5.0,服务：5.0,很好吃吃，第一次来就被惊艳到了。位置也很好找
清香漂亮咕吱蚕,口味：4.5,环境：4.5,服务：4.5,位置很好找，里面装修也很有范围，长草那个贝壳灯，哈哈哈，味道还不错！
凤秋秋,口味：5.0,环境：5.0,服务：5.0,环境很不错，很安静，不会很吵，牛排好吃套餐实惠。
诚恳勇敢哝哝蛇,口味：5.0,环境：5.0,服务：5.0,很喜歡吃它家的鵝肝炒飯、田螺、田圈圈和等等的好好吃。
枣泥卤花椒,口味：5.0,环境：5.0,服务：5.0,环境舒适，服务态度非常好！食物美味！
ithinkso_9568,口味：5.0,环境：5.0,服务：5.0,环境优美，牛排也很好吃，副食可以随便吃，非常不错
楸,口味：5.0,环境：5.0,服务：5.0,结婚一周年选在雨花，正如刚刚来深圳第一次吃牛排也在雨花，希望我们能长长久久，也希望雨花能长长久久
小孟喜欢洗头发,口味：5.0,环境：5.0,服务：5.0,[薄荷]环境:好 [服务铃]服务:好 牛扒好吃 性价比高
你还欠我好多米饭^_^,口味：5.0,环境：5.0,服务：5.0,牛排太好吃了啊啊，全部吃啦，食材非常新鲜，口味很棒，约会狠狠推荐啦
匿名用户,口味：5.0,环境：5.0,服务：5.0,菜品新鲜，服务到位，经常来，推荐
谦谦天真的小周,口味：5.0,环境：5.0,服务：5.0,環境優美，適合情侶價錢公道性價比高
古月,口味：4.0,环境：4.5,服务：4.5,"「安格斯牛小排拼鹅肝」牛肉是真的牛肉，绝对不是合成的，七分熟煎的恰到好处，入口嫩滑不柴不难嚼，且没有任何腥味过冷冻味，是能品得出来的新鲜。 鹅肝虽然逊色些，但一面焦脆一面嫩滑，倒也很好地中和了丰富的油脂。 就是放题食品这块拉低了整体感受，尤其图二这个，真的很半成品，牛排和小食有点两个极端。
收起评价"
springshushu,口味：5.0,环境：5.0,服务：5.0,"在金光华的斜对面，很好找，服务很好，一直说不够咱就再叫哈，吃到撑了。牛油果沙拉很美味，连着点了两份，心太软先做的等了一会会，热乎乎软糯糯，孩子很爱吃。点了7分熟的牛排，恰到好处。法式南瓜汤，蘑菇汤，都不错
收起评价"
匿名用户,口味：4.0,环境：4.5,服务：4.0,雨花西餐厅是老字号了，很难得的，希望越做越好，环境很好！
蒙女天涯,口味：5.0,环境：5.0,服务：5.0,[薄荷]环境:优美 [服务铃]服务:非常到位 牛扒很好吃，推荐
匿名用户,口味：5.0,环境：5.0,服务：5.0,菜品丰富，两人餐吃的巨撑，适合两人聚餐，环境也还不错，下次还来
睿眼甜美呱呱猪,口味：5.0,环境：5.0,服务：5.0,食上菜快，環境舒服，服務態度上品，食品賣相可以
洛水,口味：5.0,环境：5.0,服务：5.0,"[薄荷]环境: 环境是中欧式装修风格，很受欢迎，也适合拍照打卡！ 「安格斯特级牛仔骨」「炸薯条」「黑松露炒蘑菇」「鱿鱼洋葱圈」「黑椒牛肉丝炒意粉」「蓝橙凤梨莫吉托」 菜品种类很多，肉质鲜嫩，海鲜很鲜，超有性价比，团的双人餐，两个人吃的话都吃不完。很实惠，人均也不贵150的价格，能在西餐厅吃到这么多的已经是很不错的，而且听工作人员说开了很多年的店，超级推荐！ [服务铃]服务: 服务很及时，接待我们的是一位女经理，很有耐心讲解菜品，服务也不错， 还会再来的
收起评价"
踏实柔和嘿嘿鱼,口味：5.0,环境：5.0,服务：5.0,环境真的很棒，服务员都超级nice，态度也超级好！
西芹炸淀粉,口味：5.0,环境：5.0,服务：5.0,今晚又來了 點了鱈魚扒😅 服務及出品依然
榴莲酱酒花,口味：5.0,环境：5.0,服务：5.0,环境优美 食物新鲜好吃 很有氛围 适合情侣约会 很有法国的浪漫🌹
甜美专业哗啦蝌,口味：5.0,环境：5.0,服务：5.0,牛排很好吃，环境也不错，很适合约会哦
有趣清丽呼啸猫,口味：5.0,环境：5.0,服务：5.0,来了好几次了，服务环境都很好，味道也很好，
靛色眼睛的白色麻雀,口味：5.0,环境：5.0,服务：5.0,牛扒，沙律，鹅肝炒饭等食材靳絳，值得一试
笑笑,口味：5.0,环境：5.0,服务：5.0,常客了，感觉东西蛮新鲜的，很好吃，特别推荐鱿鱼圈喔，很绝。
vicky曦,口味：4.5,环境：4.5,服务：4.5,"跟很久没见的老朋友约在这家餐厅 罗湖还是很有生活气息的地方，然后这家餐厅也开了很久，有点怀旧的味道 整体口味是比较适合的，没有什么大问题 在现在纷繁速食充斥的社会 能选择这家店都是比较怀旧的 这边除了停车比较难 总体是不错的
收起评价"
聪明优秀嘤嘤蟾,口味：5.0,环境：5.0,服务：5.0,环境温馨安静，口味刚刚好，上菜速度很快
义刚有爱的小颖,口味：5.0,环境：5.0,服务：5.0,牛扒很好吃 性价比高 服务好 环境好
CPH_5830,口味：4.5,环境：4.5,服务：4.5,环境很有欧式复古风格，有欧式吊顶教堂式设计，吧台是中世纪风格，出品依然是保持稳定的水准，特点对于一家老店来说还是亲民性价比高，音乐氛围和服务员的水平素养高。
匿名用户,口味：5.0,环境：5.0,服务：5.0,牛扒羊扒非常好味，分量十足非常好。
善明甜美的小曼,口味：5.0,环境：5.0,服务：5.0,真的算可以了，第一次来，味道还不错哦，下次有时间还会再来的，推荐大家打卡
活泼耐心咕嘟蚁,口味：5.0,环境：5.0,服务：5.0,服务态度非常好，气氛完美，食物美味，下次会再来。
珍惜眼前人_4260,口味：5.0,环境：5.0,服务：5.0,牛扒很好吃，性价比高，服务很好，环境不错，
祈安,口味：5.0,环境：5.0,服务：5.0,这家店真的是我的心头好，服务员也特别热情周到。环境就更不用说了，简直让人心旷神怡境很好，这次来这里，真的是太棒了！完全超出我对这个地方所有期待，给人一种舒适感
匿名用户,口味：5.0,环境：5.0,服务：5.0,"“ 难得是春闲，莫负好时光 .. ”这家餐厅环境很好，非常干净整洁，食物不仅外形美观，重要的是味道非常棒，色味俱佳。做法保留了道食材原有的味道，清新爽口。而且菜品选择非常多，价格也不高，适合带着家人一起去。店里的东西非常的美味可口，造型也非常好看，香味也非常的独特，是我吃到的非常美味的食物，我以后还会再来这个地方的。真心很不错，色泽比较好，而且价格优惠价格实惠，服务周到，好评！
收起评价"
巧克力卤豆芽,口味：5.0,环境：5.0,服务：5.0,牛扒肉质不错 性价比超高 好好吃 服务好
菠萝蜜拌茶叶,口味：4.5,环境：4.5,服务：4.5,环境不错，上菜很快，服务也挺好，性价比高
真睿真挚的小峰,口味：5.0,环境：5.0,服务：5.0,298雙人戰斧牛排套戰加主副食無限翻盤
义美优雅的小司,口味：5.0,环境：5.0,服务：5.0,环境优美食物丰盛，服务非常到位，在深圳算是不错的西餐厅
锅锅,口味：5.0,环境：5.0,服务：5.0,很好吃 牛扒很新鲜 分量也很足 好评 点赞！！！！！！下次还来。
WalterRA,口味：4.5,环境：5.0,服务：4.5,环境可以，菜品不错，时不时会跟亲友来吃一餐
阿曾飞行员,口味：5.0,环境：5.0,服务：5.0,牛排味道很好 跟小时候吃的味道一样 饮料和自助的小吃种类多
老嗨,口味：5.0,环境：5.0,服务：5.0,味道还是一如既往的棒，位置好找，出了国贸b口就是了，非常方便
匿名用户,口味：5.0,环境：5.0,服务：5.0,口感还是小时候的老味道，，比起以前有了套餐可选还是不错的，上菜速度还是很快的点赞
nice,口味：5.0,环境：5.0,服务：5.0,味道很不错，环境优雅，情侣约会好去处，暴赞
专业优秀哝哝马,口味：5.0,环境：5.0,服务：5.0,味道很好，孩子很喜欢吃，量大管饱，下次还来
melody_07,口味：5.0,环境：5.0,服务：5.0,菜品丰富，环境也不错。孩子生日过来家庭聚餐，非常满意
琪琪_984097,口味：5.0,环境：5.0,服务：5.0,家门口的西餐厅，老字号，有经常来
痛痛飞走了小天使,口味：5.0,环境：5.0,服务：5.0,味道不错，环境也蛮好，服务态度也不错，餐厅挺好的
李滔2011,口味：5.0,环境：5.0,服务：5.0,环境优雅.服务很热情.跟女朋友约会必选打卡场所.
慕容白,口味：5.0,环境：5.0,服务：3.5,味道还不错 蘑菇汤奶香四溢 和男朋友一起来的是个不错的约会圣地 偶尔也可以和小姐妹来一起吃饭！！
清澈睿眼咔嗒螺,口味：5.0,环境：5.0,服务：5.0,食材新鲜，味道符合中国味，推荐
匿名用户,口味：5.0,环境：5.0,服务：5.0,还可以不错，好吃老店听好吃还可以不错，好吃老店听好吃还可以不错，好吃老店听好吃还可以不错，好吃老店听好吃
点燃一根煙,口味：5.0,环境：5.0,服务：5.0,朋友介绍来的第一次来试吃，感觉味道不错，有机会还来
真智真挚的小飞,口味：5.0,环境：5.0,服务：5.0,"菜品非常nice,氛围感十足，来约会过生日都很棒哦，还有小礼物送(σ≧∀≦)σ，开心的一天是“雨花🌸”给的"
优美谨慎呼啸鹿,口味：5.0,环境：5.0,服务：5.0,很好，非常奶思，服务很好。东西好好吃！
豁达谦虚嘭当牛,口味：5.0,环境：5.0,服务：5.0,第一次来深圳，这家店环境不错，味道也不错，服务员小姐姐超棒的，很耐心
英俊璀璨呼嘘蚕,口味：5.0,环境：5.0,服务：5.0,点了份牛排可以无限续副食挺nice的哇😚
温柔美好嘎嘎狮,口味：5.0,环境：5.0,服务：5.0,菜品不错 口感好 牛扒肉质不错 性价比超高
匿名用户,口味：5.0,环境：5.0,服务：5.0,环境整洁 气氛融洽 服务周到 菜品精美
智贤有趣的小俊,口味：5.0,环境：5.0,服务：5.0,食材很新鲜，味道很不错，很好吃 服务态度超级好得！
雄智诚实的小顾,口味：5.0,环境：5.0,服务：5.0,环境不错 味道不错 服务不错 总之值得来吃
谦虚出色咕哝蛇,口味：5.0,环境：5.0,服务：5.0,多年的老店了，环境不错，味道也还可以。
香西旗袍,口味：5.0,环境：5.0,服务：5.0,服好热情，环境不错，菜品是我喜欢的，下次还来😘
匿名用户,口味：5.0,环境：5.0,服务：5.0,味道很好菜品很丰富，摆盘很高级，质量也很不嚓！
Yoyocheck,口味：5.0,环境：5.0,服务：5.0,環境不錯，地點方便，食物選擇也多，好食
凌晨,口味：5.0,环境：5.0,服务：5.0,第三次来了这家餐厅，非常喜欢，味道很好，以后还会再带朋友过来
Mccree,口味：5.0,环境：5.0,服务：5.0,很好吃，上菜很快，菜量很足，价格实惠，环境很好，非常不错的体验
聪慧柔美哇呀蛛,口味：5.0,环境：5.0,服务：5.0,很好吃，来好几次了，经济实惠，服务也很好
铁棍炖雯雯,口味：5.0,环境：5.0,服务：5.0,口味还可以，牛排很嫩，周末节假日很多香港人过来吃
温柔诚恳隆隆蛙,口味：5.0,环境：5.0,服务：5.0,很好吃，而且环境很不错，来的时候人都坐满了！
轻灵轻盈哝哝狼,口味：5.0,环境：5.0,服务：5.0,菜品非常美味 环境非常优美 值得推荐
紫菜酱粉条,口味：5.0,环境：5.0,服务：5.0,口味比较好，挺有特色的，服务员热情周到，值得一去，非常满意的一次用餐体验。
德贤天真的小冯,口味：5.0,环境：5.0,服务：5.0,牛扒很好吃，性价比高，好好吃，推荐
安德鲁讨厌喂鸟,口味：5.0,环境：5.0,服务：5.0,好吃 好看环境不错牛排好吃下次还来
Star,口味：5.0,环境：5.0,服务：5.0,环境非常好 会一如既往支持 味道很棒
luoqiuyan_6565,口味：5.0,环境：5.0,服务：5.0,味道还不错，服务也可以，但是估计人太多，上菜有点慢。无论如何值得一去
在贺兰山跳舞的炒饭,口味：5.0,环境：5.0,服务：5.0,窗边的风景很好，食物很好吃也很便宜，服务很好、环境超棒的，家人们快冲!
谦虚天真哗啦猴,口味：5.0,环境：5.0,服务：5.0,很好吃，环境很好很有氛围，服务态度好。
冬日迷情_,口味：5.0,环境：5.0,服务：5.0,环境装修都不错 菜品也很和胃口的
出色大方哗哗蚁,口味：5.0,环境：5.0,服务：5.0,打卡雨花老牌餐推荐战斧牛排好吃😋
慧俊勤奋的小酆,口味：5.0,环境：5.0,服务：5.0,牛扒非常好吃，性价比高，还会在来
豆芽红烧南瓜,口味：5.0,环境：5.0,服务：5.0,菜品都不错，环境也挺好的，很舒适，特别推荐鹅肝牛排
Sebastian_DENG,口味：5.0,环境：5.0,服务：5.0,本月已是第二次來了！ 副食食物種類很多，絕不戲場！ 女經理很有禮貌 經常笑容滿面！ 讚 讚 讚！
莲藕腊火腿肠,口味：5.0,环境：5.0,服务：5.0,牛排和鹅肝拼盘吃完还想吃，从香港来深圳就为了吃这一口，心心念念超级好吃。
睿慧诚实的小常,口味：5.0,环境：5.0,服务：5.0,牛扒好好食，鵝肝也不錯，羊扒也很好吃，豬扒口感十分好，
y小辉辉131,口味：5.0,环境：5.0,服务：5.0,超级无敌好吃的一家西餐厅，已经推荐给亲密朋友了.
在青秀山拉二胡的乌贼,口味：5.0,环境：5.0,服务：5.0,服務很好 食物品質也不錯 價格也不貴
芦笋卤香菜,口味：5.0,环境：5.0,服务：5.0,点了298战斧牛排套餐，很划算，性价比超高，
趙承恩,口味：5.0,环境：5.0,服务：5.0,"[薄荷]环境:一流.夠寬敞.清潔度好！ [服务铃]服务:更一流,有禮貌！上菜速度好！食物質素很高,夠熱度！雖是任點任吃,但絕不馬虎！抵讚！"
fairy214,口味：5.0,环境：5.0,服务：5.0,牛扒鲜嫩多汁，好吃，性价比高，副食任点任吃
清秀大方咕唧螺,口味：5.0,环境：5.0,服务：5.0,"菜品非常满意，环境也很nice,值得推荐，很棒"
南瓜炝拌桂圆,口味：5.0,环境：5.0,服务：5.0,菜品还不错，挺喜欢吃雨花西餐厅的，来过三四次，
在水一方_135262,口味：5.0,环境：5.0,服务：5.0,第一次来这里吃，非常好吃，环境也很舒适
绿杨烟之外,口味：5.0,环境：5.0,服务：5.0,食材新鲜味道很好，性价比非常高，牛排味道很不错。
樊宝,口味：5.0,环境：5.0,服务：5.0,老品牌 牛排的量很足 大口吃肉的感觉很不错 食材都很新鲜～
薇薇安_3007,口味：5.0,环境：5.0,服务：5.0,雨花餐厅还是好的，一进来心就安静了，很治愈，每次都是吃的好，喝的好
Candy,口味：5.0,环境：5.0,服务：5.0,一进雨花餐厅，感觉进入桃花源，美食的气息扑面而来
輝輝,口味：5.0,环境：5.0,服务：5.0,这家西餐厅的牛扒，羊扒都好味，其他点心也好味，物美价廉。
匿名用户,口味：5.0,环境：5.0,服务：5.0,第一次来味道不错很好吃牛排很嫩 小吃也是任吃的 体验感很好下次还会再来的
星星,口味：3.5,环境：3.5,服务：3.5,食物精緻美味可口可以常常來嘗試
格雷斯坚持看日出日落,口味：5.0,环境：5.0,服务：5.0,牛肉非常好吃 环境优美 性价比超高
淡橙色眼睛的翠绿色鲨鱼,口味：5.0,环境：5.0,服务：5.0,牛扒很好吃，副食任点任吃，性价比高
大蒜叶煮娃娃菜,口味：4.5,环境：4.5,服务：4.5,好吃好吃！值得来！性价比很高！
匿名用户,口味：5.0,环境：5.0,服务：5.0,雨花是深圳西餐老字号了，就在金光华对面交通方便，餐厅环境和氛围很好，味道好选择多，很适合和朋友来吃
发现爱,口味：4.5,环境：5.0,服务：4.5,". 还有谁不知道 国贸这家 宝藏西餐厅啊😦😦 当天朋友说 带我去吃一家很好吃的西餐厅，我听名字是没有多大期望的，但是到了以后，是真的有被 他家的环境震撼住了。浓浓的 复古哥特 丛林风，可以提前打电话预约靠窗的位置，在楼上俯瞰熙熙攘攘的 深圳国贸。 他家的套餐里面的几款小吃 和 茶饮都是无限供应的，但是是需要点餐需要几份才可以。在做到不浪费的情况下，可以重复点单。 「紫苏鱼柳」 和 「多春鱼」 可以多点几份，很好吃。 牛排🥩 会稍稍有点儿柴，不知道是不是火候有点儿过了还是怎么样。 他家饮品也是很不错的，将近10种饮品随意选择。 非常适合情侣约会，朋友小聚，或者 特定商业伙伴 聊天的一家西餐厅。值得打卡 ！！！！
收起评价"
大蒜叶涮西红柿,口味：5.0,环境：5.0,服务：5.0,菜品很正宗，老西餐的感觉一下子就出来了，黄油扇贝大赞！
勤奋忠诚唧唧猴,口味：5.0,环境：5.0,服务：5.0,味道不錯，環境也不錯啊，我們朋友幾個人一起來吃，大家吃得很開心
匿名用户,口味：5.0,环境：5.0,服务：5.0,服务好环境也好上菜快 牛排好吃 小吃也很多
不熵,口味：5.0,环境：5.0,服务：5.0,好吃嗷，带朋友来了好几次了。
高尚甜美咔嗒螺,口味：5.0,环境：5.0,服务：5.0,一如既往的好吃，性价比也高，出餐不踩雷。
俊真轻灵的小张,口味：5.0,环境：5.0,服务：5.0,菜色多样化，食物口感鲜美，适合约会、聚餐。还会再来。
真挚诚实哗哗熊,口味：5.0,环境：5.0,服务：5.0,服务很好，做的口味不错，消费不贵，大大地点赞
清香轻灵咕咕蛙,口味：5.0,环境：5.0,服务：5.0,菜品好吃，环境很舒适，服务态度很好出餐也很快
蕃薯,口味：5.0,环境：5.0,服务：5.0,环境几好，食物不错，价钱公道，一家人开心之旅
林記,口味：5.0,环境：5.0,服务：5.0,菜品丰富 性价比高 服务好 邊会在來
仁德轻盈的小春,口味：5.0,环境：5.0,服务：5.0,西餐不错，意大利面很好吃，餐厅环境氛围很好，服务也不错
cxwcjq,口味：5.0,环境：5.0,服务：5.0,第二次来了味道一如既往的好 小孩子很喜欢吃 上菜也快
Join.do,口味：5.0,环境：5.0,服务：5.0,味道不错，肉眼牛排挺嫩，宝宝很喜欢
付芷忻,口味：5.0,环境：5.0,服务：5.0,食材新鲜，上菜快，服务也很热情下次还来。
纯真天真咕咕羊,口味：5.0,环境：5.0,服务：5.0,上菜速度很快，味道也很好，牛排也很好吃
麻麻,口味：1.5,环境：1.5,服务：1.5,真的很一般，看着性价比很高实质很低
小叶,口味：5.0,环境：5.0,服务：5.0,今天又來捧場啦 喜歡這裡的環境和美食
maimai520,口味：4.5,环境：4.5,服务：4.5,环境很好，战斧牛扒5分熟，非常棒！整体味道不错的
傻峰,口味：5.0,环境：5.0,服务：5.0,味道很好，環境也不錯，上菜速度也很快．可以常來
Emily,口味：5.0,环境：5.0,服务：5.0,会常来的店，菜品都很丰富，9味道也还蛮不错的。
何庆红,口味：5.0,环境：5.0,服务：5.0,环境优雅，品种齐全，服务不错，食材新鲜。
动物油干煸植物油,口味：5.0,环境：5.0,服务：5.0,还可以，第二次过来，和女朋友一起来吃非常有氛围，可以的！
帅的西,口味：5.0,环境：5.0,服务：5.0,地理位置好，服务态度不错，价格也不会特别贵，如果想试下西餐这里是很不错的选择
善良豁达咕唧蚁,口味：5.0,环境：5.0,服务：5.0,第二次光顾 牛肉很嫩 下次还会继续光顾 靠窗比较有氛围 推荐推荐
1176498827liuyujie,口味：5.0,环境：5.0,服务：5.0,非常棒棒的西餐廳，每道菜都是熱辣的上來味道正宗，鵝肝牛肉超讚，扇貝入味，拿鐵咖啡不輸幾十元一杯的 放在香港估價一千，但這才不到三百，愉悅感！！
蜜枣干拌红豆,口味：5.0,环境：5.0,服务：5.0,牛排雙人套餐，又平又抵食，副食任點任食，兩佰多元食到飽飽，值得再來
刚智迷人的小昌,口味：5.0,环境：5.0,服务：5.0,牛排很嫩味道还不错很好吃 第一次来味道体验感都很好
驼色眼睛的玫瑰色海龟,口味：5.0,环境：5.0,服务：5.0,牛扒肉质不错，性价比最高，好吃，服务好，推荐
踏实纯洁哇哇蚁,口味：5.0,环境：5.0,服务：5.0,猪宝宝扒超级好吃，我超爱，牛扒鲜嫩，环境优美，经常和老公来吃
＊＊咖啡虽苦却提神,口味：5.0,环境：5.0,服务：5.0,里面的小姐姐比较热情，菜品也好吃，氛围感很不错
糯米清蒸芋头,口味：5.0,环境：5.0,服务：5.0,好吃！味道不错，特意从东莞来深尝尝，牛排很好吃，柠檬茶也好喝！小吃味道也不错
名草有花的大叔,口味：4.0,环境：4.5,服务：4.5,"突然小姨子想吃牛排🥩，逛街后就来这家深圳老牌西餐厅试试！已经营业30年了！口味肯定不错 点了298元的套餐，有副食可以吃到饱，面点等等都可以一直吃，我们3人吃的超饱！食物味道并没有非常特别好吃，但有一定的水平！大家有空来试试吧
收起评价"
小雪,口味：5.0,环境：5.0,服务：5.0,口味不错，品种多！！环境很好，服务也不错，
匿名用户,口味：4.0,环境：4.0,服务：3.0,"比较古早的西餐厅 餐具都是摩花了的 环境很有九十年代风格 朋友说想起她爸妈那个年代…. 服务员给提供的信息实在有限 问她不同牛排的区别也答不上来 上菜还是比较快的 牛排中规中矩 多春鱼不错 饮料选择不多且都不是很好喝 甜品种类也很少 有种不知道吃啥的感觉 不🤔其他放题感觉每样都想尝试一下 建议增强一下菜品的丰富程度
收起评价"
yy,口味：5.0,环境：5.0,服务：5.0,不得不說雨花的餐品越來越有水準了，服務又很貼心很暖
朵朵_6978,口味：5.0,环境：5.0,服务：5.0,口味很好，服务好周到，下次还要来。
幸福大方嘻嘻狮,口味：5.0,环境：5.0,服务：5.0,环境优雅，服务态度好，牛扒和各种食品味道也不错。
匿名用户,口味：5.0,环境：5.0,服务：5.0,带小孩来吃，环境很好，菜品味道都很不错，
糖糖,口味：5.0,环境：5.0,服务：5.0,[薄荷]环境:非常好 [服务铃]服务:工作人員服裝很好。
唯势力少儿街舞,口味：5.0,环境：5.0,服务：5.0,环境挺好的，每次纪念日都过来，来了好几次啦！
匿名用户,口味：5.0,环境：5.0,服务：5.0,就餐环境很优雅安静。牛排做的非常可口，非常棒的一次就餐体验。谢谢！
智信真诚的小龚,口味：5.0,环境：5.0,服务：5.0,食材新鲜 ，环境浪漫舒适，适合情侣，夫妻约会圣地，性价比高，
好脾气的雪纳瑞,口味：1.5,环境：1.5,服务：1.5,"[服务铃]服务： 和对象100天纪念日挑选了这家餐厅吃饭，本来开开心心的，结果去到人特别多，排队等位了俩个多小时才吃上饭，虽然都说预制菜但上菜也慢，和服务员点菜说了好多遍都忘了去理别的事去了， 体验感太差了下次不来了。
收起评价"
贤明幸福咕嘟猫,口味：5.0,环境：5.0,服务：5.0,菜品新鲜 品牌老字号 环境优美 适合约会打卡值得推荐
知明耐心的小如,口味：5.0,环境：5.0,服务：5.0,挺好吃的，店内环境很好，工作人员很热情
在川西草原爬墙的乌贼,口味：5.0,环境：5.0,服务：5.0,环境优美，菜品也很丰富，服务态度也很好
匿名用户,口味：5.0,环境：5.0,服务：5.0,服務態度好，食物新鮮，味道很好，值得推荐
匿名用户,口味：5.0,环境：5.0,服务：5.0,口味不错，环境优美，值得推荐的西餐好场所🏼🏼🏼
青_3163,口味：5.0,环境：5.0,服务：5.0,環境優美：菜品可口：性价比高：推薦
朱猪OCH,口味：5.0,环境：5.0,服务：5.0,整体还可以，牛排和猪排味道不错
猪杠寶氣,口味：2.5,环境：2.5,服务：2.5,"[薄荷]环境： 不知道是不是廚房趕收工 還是接近尾聲的原因 味道很一般 牛排是柴的 有筋的 我散叫的威靈頓牛扒也是很柴的 其它 送的小食真的有好有不好 「法式蘑菇浓汤」「牛肋皇」「多春鱼」「紫苏鱼柳」「牛油果香肠鸭胸沙拉」「惠灵顿牛排」優惠是挺優惠的 如果大家不介意味道口感👅還是挺能填飽肚子
收起评价"
高尚聪明呼嗷蚁,口味：5.0,环境：5.0,服务：5.0,好吃，味道不错，推荐大家来吃哦，真的很不错哟！
小小_343368,口味：5.0,环境：5.0,服务：5.0,这里服务态度很好，牛排五成必须赞，好喜欢，
柯洛,口味：5.0,环境：5.0,服务：5.0,"雨花西餐厅是深圳经营几十年的老牌连锁西餐厅。 第几次来雨花都已经忘记了，最早都是几十年前的事情。 雨花的牛排曾经风糜一时，那时候也还没有西堤王品呡！ 现在的雨花改了模式，主食牛排副食放题，小品类美食精致可口，三文鱼塔塔让人念念不忘。 牛排滋滋冒着热气上桌，非常开心的一餐！
收起评价"
椒盐焖蜜饯,口味：5.0,环境：5.0,服务：5.0,口味很好 份量对我女性很满意 可以吃很多东西 总体不错 性价比很高
宝蓝色嘴巴的茶色仓鼠,口味：5.0,环境：5.0,服务：5.0,环境很好非常合适情侣来吃 上菜也快味道也不错
daisy,口味：5.0,环境：5.0,服务：5.0,环境很高档，位置也很好找，服务态度非常不错，值得推荐，菜品都很新鲜
柔和大方嘶嘶鹿,口味：5.0,环境：5.0,服务：5.0,菜品丰富，而且能吃到饱，环境也超赞！值得常来。
橙橙弟弟,口味：4.0,环境：4.0,服务：4.0,深圳经典的一家牛排🥩加自助。牛排味道还行吧，自助也不错，就是吃了很多次有点腻了。 希望能多一些创新。
Elvis,口味：4.0,环境：4.5,服务：5.0,"周末女票很神秘的和我说带我去一家网红餐厅，而且历史非常悠久的网红餐厅，雨花西餐厅，和我说了以后非常好奇，查了一下发现这家餐厅已经开了30年了，想到能开这么久肯定有独到的地方，愈发的感兴趣了。🍽🌟 雨花西餐厅的位置在国贸地铁站，斜对面就是金光华广场，店铺位于2楼，门面不算大，1楼只是楼梯入口，其实不仔细看有点不容易发现。走进店内，大片蓝色系的装饰映入眼帘。蓝色和墨绿色的皮椅，搭配黑色石桌，天花板上的欧式吊灯和摆满旧书的书架，透着低调的欧式风格，餐厅最里面，有一整面墙的油彩壁画，画里穿着西装礼服的年轻客人们推杯换盏，店铺在临街的位置，东南两边全都是落地玻璃窗，可以完整地看到国贸路口，风景真的很不错。 这家店主打是牛排产品，然后副食放题任点，落座以后先选牛排，然后副食可以多次下单。 安格斯牛排拼鹅肝：这道菜的摆盘精美，牛排煎得恰到好处，肉质鲜嫩多汁，搭配鹅肝，口感丰富，层次分明。🥩🦆 黄油蒜蓉焗大元贝：这道菜的味道十分鲜美，大元贝肉饱满，搭配黄油蒜蓉，香气扑鼻，让人回味无穷。��贝类爱好者必点！🧄 炸紫苏多春鱼：这道菜的外皮酥脆，内里鲜嫩，紫苏的香气与多春鱼的鲜美完美结合，让人欲罢不能。🐟 鹅肝牛肉炒饭：这道菜的亮点在于鹅肝和牛肉的加入，让普通的炒饭瞬间提升了档次，口感丰富，回味悠长。🍚 牛肉浓汤：这道汤浓郁鲜美，味道是番茄口的，暖胃又暖心。🍲 餐厅的服务非常到位，服务员态度热情，在用餐过程中，服务员会定时巡台，及时为顾客解决问题。 这家店真的很有“历史气息”，从桌子上的餐具可以看出来真的用了非常久，牛排的出品还是很不错的，虽然是点餐式自助，上菜还是非常快的，整体的环境也是没的说，整体好评。🏮
收起评价"
I,口味：5.0,环境：5.0,服务：5.0,朋友推荐特意从其他过来吃，味道不错，位置也好找
优美轻灵呜呜蛙,口味：5.0,环境：5.0,服务：5.0,菜品丰富，味道可口，环境优美。推荐。
轻快有爱哇呀蟾,口味：5.0,环境：5.0,服务：5.0,牛扒非常好吃 性价比超高 服务也好
匿名用户,口味：5.0,环境：5.0,服务：5.0,味道真的不错，朋友都喜欢吃！！！好吃好吃好吃好吃好吃好吃好好吃好吃好吃好好吃好好吃好好吃好好吃🤤
毅知机智的小严,口味：5.0,环境：5.0,服务：5.0,菜品种类繁多有特色还可以无限续挺喜欢的。服务周到
迷人诚实咕嘟蝉,口味：2.5,环境：3.5,服务：2.5,环境还可以，但是餐品一般，点了个双人套餐，龙虾和牛排味道很一般，不是很推荐。
芦荟蒸面粉,口味：5.0,环境：5.0,服务：5.0,服务很好、菜品也不错、环境优美、
睿贤柔和的小张,口味：4.5,环境：4.5,服务：4.5,深圳经营30年的老店，依旧如初的好吃。
薯粉炒茴香,口味：5.0,环境：5.0,服务：5.0,味道很好，牛排非常新鲜，然后量也很大 最主要还有很多菜可以任选 真的是吃到扶墙 吃的特别饱 非常推荐这里，下次也会带朋友再来这里吃
1230_,口味：5.0,环境：5.0,服务：5.0,食材非常新鲜，上菜速度快，服务态度好
真雄清爽的小张,口味：5.0,环境：5.0,服务：5.0,牛扒口味不错 肉质细嫩好吃 环境优美 推荐
毅美真诚的小颖,口味：5.0,环境：5.0,服务：5.0,菜品非常不错 服务特别好 质优价廉 下次还来
睿智轻盈哇哇龙,口味：5.0,环境：5.0,服务：5.0,不错啊，这家地理位置比较近。出地铁有两分钟就到。服务态度非常好
匿名用户,口味：2.5,环境：3.5,服务：3.5,"已经去了两次了，第一次去给我的感觉还可以，好像没有说吃到不新鲜的问题，但是第二次去吃的时候就出现问题了！ 安格斯牛排拼鹅肝，鹅肝还行，像冰激凌一样，一进嘴就化了，也不知道是好的还是不新鲜才会这样，牛小排不错挺嫩的不老。 田螺，慎点！田螺非常不新鮮，五个里有三个都是臭的，有很大一股味道！ 青口贝、蒜蓉扇贝，也是部分青口贝和扇贝不新鲜，吃的时候要小心！ 其他就还好，好像没什么问题了
收起评价"
咸蛋黄烫糯米粉,口味：5.0,环境：5.0,服务：5.0,经常过来吃午餐，环境很舒服，服务很好，菜品也不错。
阿萍_1616,口味：5.0,环境：5.0,服务：5.0,环境不错卫生，两个人吃的很饱，下次会带小朋友来
诚实优秀哗哗鹰,口味：5.0,环境：5.0,服务：5.0,非常好吃 服务态度也非常好 环境优美 下次还会继续的
阳winwin,口味：4.0,环境：4.5,服务：4.5,"朋友推荐下的探店，是罗湖一家开了很多年的西餐厅，感受着复古的氛围和味觉体验，还蛮有趣的一次探店。选的战斧套餐，很多副食，比如沙拉，冰淇凌，小吃，部分饮品只要不浪费可以无限添加，服务响应很迅速，态度也特别好。
收起评价"
蘑菇蘑菇不会开花。_,口味：5.0,环境：5.0,服务：5.0,"交通便利，刚好在国贸地铁站附近，餐厅挺有氛围，有音乐陪伴～适合三两好友聚会🎈 餐品也很不错，色香味俱全，特别是翡翠螺，很有嚼劲， 牛排鲜嫩多汁、肉质紧实、口感丰富，完全满足味蕾。恰到好处的煎烤使牛排外脆内嫩，保持了牛肉的原汁原味。 另外，服务态度很好，及时收餐具
收起评价"
优秀谨慎隆隆虎,口味：5.0,环境：5.0,服务：5.0,雨花西餐，歷史悠久，色味具備，味道一流🏿🏿🏿
俊毅英俊的小娜,口味：5.0,环境：5.0,服务：5.0,环境，服务好，牛扒质素都可以，性价 比高，正，正，正
优秀勇敢嘀嗒鸟,口味：4.5,环境：4.5,服务：4.5,环境很好 就在金光华斜对面 服务态度很好 牛排很不错 肉质鲜嫩
荷兰豆,口味：5.0,环境：5.0,服务：5.0,菜品种类很多，而且味道很好，份量很足，牛排很鲜美味，沙拉非常好吃。 [薄荷]环境: 环境优美，外面风景跟装修风格很漂亮。 [服务铃]服务: 小姐姐小哥哥们服务很细心周到，笑容很甜。 值得推荐尝试。
在香山公园放风筝的煎饺,口味：5.0,环境：5.0,服务：5.0,服務好，食品出色，環境優雅，附近是金光華地段也方便香港人來到。
bdc007945,口味：5.0,环境：5.0,服务：5.0,非常不错的一次用歺，好多副食无限享用
真诚诚实哗啦熊,口味：5.0,环境：5.0,服务：5.0,菜品口味適中，份量充足，仲有驚喜
逍遙miu,口味：5.0,环境：5.0,服务：5.0,環境唔錯，服務好好，拍拖勝地，
那个人,口味：5.0,环境：5.0,服务：5.0,深圳老字号了，每次有朋友过来都过来吃，味道真的很不错，价格也优惠。赞一个。
11次,口味：5.0,环境：5.0,服务：5.0,服务很好，菜品也都不错很适合胃口，下次再来
小Lady_6392,口味：5.0,环境：5.0,服务：5.0,"[薄荷]环境： 环境很不错、之前听说很多明星也打卡过。还好是错开高峰期、不需要排队。两个人买的套餐，差不多有15个菜品、非常的丰盛、差点吃不完。第一次去千万别点太多、吃不完要罚款哈。各种精致的菜品搭配，非常喜欢😘。
收起评价"
毅雄机智的小皮,口味：5.0,环境：5.0,服务：5.0,收藏了很久的一家宝藏西餐厅，今天终于有机会来尝试，很美好的一次
美好勇敢嘎咚虎,口味：5.0,环境：5.0,服务：5.0,第一次來 就被他的菜色吸引 價格便宜份量又多 超級劃算 加上餐廳環境也不差坐得很舒服又安靜 值得再來！！
Me,口味：5.0,环境：5.0,服务：5.0,食材新鲜～服务态度很不错～环境还不错
勇礼清秀的小穆,口味：5.0,环境：5.0,服务：5.0,老牌的西餐厅了，环境很好，分量很足～三文鱼塔塔口感非常好～
詩曦,口味：3.5,环境：5.0,服务：5.0,來到第一印象環境很高級，好像來到外國一樣，座位也很舒適，來到這裏整個人都很放鬆，職員也很親切
yuyu_雨,口味：5.0,环境：5.0,服务：5.0,味道还不错，食材还挺新鲜，之前来过
轻灵出色嘤嘤螺,口味：4.0,环境：5.0,服务：5.0,環境氣氛浪漫，主食整體也不錯，除了炸物太厚粉，其他也不錯，價格很合理
睿义勤俭的小卜,口味：5.0,环境：5.0,服务：5.0,过来吃好多次了 非常好吃 很满意的
匿名用户,口味：5.0,环境：5.0,服务：5.0,第一次来味道不错好吃 牛排也很嫩 上菜快
匿名用户,口味：5.0,环境：5.0,服务：5.0,很实惠，在这个地段，这个价钱吃到这么多东西很值了
贝琳达不爱聚会,口味：4.5,环境：4.5,服务：4.5,菜品很好，環境也很好，讓人舒服，
真信勇敢的小巨,口味：5.0,环境：4.5,服务：5.0,这里的东西美味可口 口感细腻 入口即化
雄智清香的小葛,口味：5.0,环境：5.0,服务：5.0,周末经常来这聚，服务人员态度好，环境适合聚会，有西餐氛围。 菜品特色小吃都很好，我每次点饮料都好几款，实惠美食的好去处！
匿名用户,口味：5.0,环境：5.0,服务：5.0,第一次来这家自助，只能说物超所值，食材新鲜，上菜速度快，服务员态度好，环境也是相当不错的，想尝试的可以来
匿名用户,口味：5.0,环境：5.0,服务：5.0,很好吃，食材新鲜，环境很好，服务很到位！
在三清山攀岩的黄豆芽,口味：5.0,环境：5.0,服务：5.0,上菜很快而家品質很好，飲品可以不限制下單很適合喜歡飲飲品的人。
仁美开朗的小袁,口味：5.0,环境：5.0,服务：5.0,牛扒很好吃 鲜嫩多汁 推荐 性价比高
勇毅纯洁的小易,口味：5.0,环境：5.0,服务：5.0,味道很不错，环境优美，适合两个人约会
Gary,口味：4.5,环境：4.5,服务：4.5,好味道，會再來，豬雞普通，其他都ok
酒红色鼻子的暗黄色海豚,口味：5.0,环境：5.0,服务：5.0,"美食： 羊排和牛排的味道很不错, [薄荷]环境： 环境也干净卫生很清静舒服 [服务铃]服务： 服务周到细致"
小惠哥_4383,口味：5.0,环境：5.0,服务：5.0,出乎意料的好吃😋而且挺有特色，價格合適，下次繼續來🏻
匿名用户,口味：5.0,环境：5.0,服务：5.0,可选的选择还是不少的 鹅肝+牛 yyds 就算是周末店员也很热情hh！
大树_5608,口味：5.0,环境：5.0,服务：5.0,菜品丰富，味道不错，任选的吃得很饱
陈皮粉烤牛肝菌,口味：5.0,环境：5.0,服务：5.0,环境不错挺棒的，然后就是牛排的味道也不错。
YY_590692,口味：5.0,环境：5.0,服务：5.0,牛扒肉质嫩又多汁，好吃，服务也好，性价比高
天真無邪小郎君,口味：5.0,环境：5.0,服务：5.0,环境优美，风景好看，食物质素好，性价比很高
LeSerein,口味：4.5,环境：4.5,服务：4.5,氛围好，菜品也很不错上菜真的好快体验感极佳
无住_3404,口味：5.0,环境：5.0,服务：5.0,上菜很快，菜品口味很好，服务周到、热情，环境很温馨，适合聚餐！！
爱笑也爱哭的LYY,口味：4.5,环境：5.0,服务：4.5,[薄荷]环境: 很安静复古感很不错 味道挺好，牛排也不错 朋友生日来体验也很出片。 饮品可选很多
伟軍事長,口味：5.0,环境：5.0,服务：5.0,[薄荷]环境:好 [服务铃]服务:好 牛扒非常好吃 性價比高
资深吃货方小白,口味：4.5,环境：4.5,服务：4.5,"从沙头角吃到罗湖，从小吃到大的，记忆还是挺深刻，今天开车到一半突然好饿，刚好看到有套餐就直接过来吃了。 点了肉眼和羊排配鸡排，「焗芝士薯泥」「芝士焗虾滑蘑菇」「蒜蓉焗大元贝」等等，味道都挺不错的，现在餐饮这么卷，能开这么久的餐厅也不多了。
收起评价"
在鼓舞场打网球的八宝粥,口味：5.0,环境：5.0,服务：5.0,很好吃，非常的不错，牛排特别推荐！
嘀咕珊,口味：5.0,环境：5.0,服务：5.0,菜式多样，口味好，价格实惠，两人聚餐特别合适
幸福女人_566,口味：5.0,环境：5.0,服务：5.0,雨花餐厅的菜品很不错服务一流，值得下次再来
匿名用户,口味：0.5,环境：0.5,服务：0.5,"[薄荷]环境： 脏脏的，尤其是抱枕，我们入座时凳子是还有油 [服务铃]服务： 服务员整体没有精气神，说话也是比较粗鲁大声，尤其是上菜报菜名的时候就两个字丢桌上就走了，用餐过程中还有工作人员索要好评…… 工作时间玩手机的玩手机，在水吧吃一些剩下的沙拉 「滋味牛排」所有菜品全部是预制菜和自助餐一样上菜非常迅速，菜品不是很新鲜，除了牛排羊排！ 饮品也是没什么味道不是现做的刚下单直接上桌。不是很推荐 吃了还拉肚子！
收起评价"
善良柔和嘎咚蟹,口味：5.0,环境：5.0,服务：5.0,环境很好，东西很好吃。不错，喜欢。
HandsomeLam,口味：5.0,环境：5.0,服务：5.0,牛求很好吃 服務也好 性价比高 推薦
智慧天真的小文,口味：5.0,环境：5.0,服务：5.0,环境优美舒适 牛扒鲜嫩多汁 非常好吃 性价比超高 推荐
猫多多,口味：4.0,环境：4.0,服务：3.5,在罗湖国贸，据说是开业了三十年的西餐厅，第一次来体验他家的单人套餐，菜品选择还是很多的，口味也还行。
Life峰,口味：5.0,环境：5.0,服务：5.0,西式环境，下午来吃个茶、饭还是很舒服的
真信优秀的小廉,口味：5.0,环境：5.0,服务：5.0,香味浓郁，口水直流三千尺！服务态度非常好！我常年光顾！
匿名用户,口味：5.0,环境：5.0,服务：5.0,环境不错，服务很好，食物非常好吃.
烟白色鼻子的浅紫色豹子,口味：5.0,环境：5.0,服务：5.0,性價比高，團購給力，保持多年水準，裝修有格調！
粉色嘴巴的天蓝色鹦鹉,口味：5.0,环境：5.0,服务：5.0,本店職員十分友善稱職，服務十分之到位，食物味美，性價比十分之高
cm,口味：5.0,环境：5.0,服务：5.0,很好的服務和環境，食物不錯！很值！
丰泰_8150,口味：5.0,环境：5.0,服务：5.0,环境优美，味道鲜甜，服务周到……
匿名用户,口味：5.0,环境：5.0,服务：5.0,牛排好吃，气泡水好喝，餐厅环境好
刚雄机智的小春,口味：5.0,环境：5.0,服务：5.0,口味不错，牛扒非常好吃，性价比高，推荐
风铃草,口味：5.0,环境：5.0,服务：4.5,"这家老牌新餐厅位于罗湖老区人民南路与嘉宾路交口西北角，最近的地铁站是🚇1号线国贸站。环境看起来很古老，应该是有一定年头了，应该是改革开放之后深圳发展刚起步时开的西餐厅，能存活到现在，我认为跟他家的位置、环境、品质、性价比都有关。 如图1，是￥268套餐的菜单，哪些可以自助不限量写的很清楚，我就是被青口贝和扇贝不限量而吸引前来 「板腱牛排拼鹅肝」：牛排肉质好，有种石烧牛排专门店的感觉，鹅肝大大一块，解馋幸福 「滋味羊排拼猪排」：猪排很嫩，超乎我的预期，羊排烤得也很想香 「黑椒水榄薄切生牛」：高质量生切和牛，喜欢生食的小伙伴们一定不要错过！ 「鲜三文鱼塔塔」：三文鱼牛油果芒果沙拉，高蛋白、高质量 「焗青口」：柠檬香入味 「蒜蓉焗扇贝」：虽然味道很普通，但不限量狂点狂吃就很爽 「焗芝士薯泥」：满满的芝士香味，饱满幸福 「牛肉汤」：味浓罗宋汤，超喜欢 「紫苏鱼柳」：没想到一个炸鱼柳这么好吃，肉质非常嫩，紫苏、蒜味、以及淡淡的辣椒味都入味了，炸出来好香好香 「玫瑰苹果茶」：淡淡苹果香，养胃，非常推荐点
收起评价"
真明诚信的小宁,口味：5.0,环境：5.0,服务：5.0,好，很好，位置好找，味道也不错，服务也很好！推荐
小婵0,口味：5.0,环境：5.0,服务：5.0,环境很有氛围感，菜品性价比高，可以带情侣朋友来
遇见皆是缘,口味：3.5,环境：4.5,服务：4.5,"朋友约了我6点一起晚饭，选来选去来了国贸老字号，雨花西餐厅 曾几何时十年前经常来的地方，一上二楼还是那么熟悉和温馨 店面环境很赞，还分VIP区和普通区，座位很多，可以组合 然后服务挺好，每个服务员都很主动，热情，主动帮我推荐无线畅吃那种小食品 我们买的是美团296元套餐，有好多食品和饮品，吃饱吃好没问题，具体我就不写了，上图片就完事了 然后出品很好，很快，味道还是一如既往的🏻🏻！ 这种消费绝对是很多人都能接受愿意的 然后位置也好找，国贸站，金光华对面，交通又方便，绝对是谈事吃饭最好的去处！ 真心推荐！ 另外女经理特别有善，送了三文鱼塔给我们吃，爱了
收起评价"
曉燕_3104,口味：5.0,环境：5.0,服务：5.0,环境挺好的上菜非常快值得来吃！
匿名用户,口味：5.0,环境：5.0,服务：5.0,好吃 和女朋友一起环境很好 上菜很快 工作人员又好又美
匿名用户,口味：5.0,环境：5.0,服务：5.0,来吃过好几次啦，服务态度好，份量足，副食不够也可以加
匿名用户,口味：5.0,环境：5.0,服务：5.0,牛扒l非常好吃，性价比高，环境优美，推荐
outwardautism_,口味：5.0,环境：4.5,服务：4.5,西餐厅自助还是第一次体验，他家味道不错的。可惜自己胃口太小哈哈。
机智清丽呼噜牛,口味：5.0,环境：5.0,服务：5.0,超级推荐 菜品新鲜 服务超好 建议早点过来可以坐靠窗位置
匿名用户,口味：5.0,环境：5.0,服务：5.0,材料新鲜。食材好多，吃不完，根本吃不完
英俊勤奋哗哗鱼,口味：5.0,环境：5.0,服务：5.0,环境优雅，温馨舒适！服务态度周到｡◕‿◕｡
静_341819,口味：5.0,环境：5.0,服务：5.0,环境优美，很有氛围，菜品出餐也快，服务员也很热情，肥肠nice
谦刚独特的小肖,口味：5.0,环境：5.0,服务：5.0,非常好吃下次还要过来性价比超高
匿名用户,口味：5.0,环境：5.0,服务：5.0,菜品很精致，很实惠，两个人吃的超级好！！！
儒儒,口味：5.0,环境：5.0,服务：5.0,口味很好奇，上菜很快，服务周到热情，环境优美
柔和能干呼啸蚕,口味：5.0,环境：5.0,服务：5.0,第一次吃，服務態度一流，推薦不錯，下次再光臨
清幽纯真咕吱狗,口味：5.0,环境：5.0,服务：5.0,味道还不错，不是特别多腻，2人套餐可以吃饱
zzzzzzzzRio,口味：4.0,环境：4.0,服务：4.0,"[薄荷]环境： 黄黑复古色调，典雅却不冰冷。 [服务铃]服务： 服务生们来往忙碌有序，不会在旁边一直守着，需要服务时立刻会过来。大靠背椅子很舒服，不需要太多的规矩。 「进口肉眼牛排」七分熟嫩而不柴刚刚好，是连平时不爱吃牛肉的我也会喜欢的程度。推荐！ 「多春鱼」煎得入味又不会太干，恰如其分。 「牛油果香肠鸭胸沙拉」口感丰富，搭配合理。 「黑松露炒蘑菇」「奶油焗蘑菇浓汤」都还行
收起评价"
俊知轻盈的小澜,口味：5.0,环境：5.0,服务：5.0,牛扒好吃，推荐朋友过来，性价比高，推荐
匿名用户,口味：5.0,环境：5.0,服务：5.0,环境不错，性价比很高，味道真的是很不错，比很多年前来吃便宜多了！
【已注销用户】,口味：5.0,环境：5.0,服务：5.0,环境相当不错价格实惠菜品多样。
在石林风健身的红糖,口味：4.5,环境：4.5,服务：4.5,牛排非常不错，饮料也很好喝，适合约会，气氛很好
精明睿智囔囔蛇,口味：5.0,环境：5.0,服务：5.0,環境很好1食物水準可以1會再來
有爱纯真嗒嗒蚕,口味：5.0,环境：5.0,服务：5.0,食材新鲜，上菜很快，口味很赞，服务热情，菜品美味
木耳丝灼石榴,口味：5.0,环境：5.0,服务：5.0,[薄荷]环境:优雅 [服务铃]服务:好 牛扒口味不错 还会再来 推荐
匿名用户,口味：5.0,环境：5.0,服务：5.0,口味不错，服务也很好，还可以一直续！
LIANGYONG8888,口味：5.0,环境：5.0,服务：5.0,小吃品种多样，环境优雅，服务到位，
千年隼Carl,口味：3.5,环境：4.5,服务：3.0,"雨花30年·深圳40年 深圳第一家西餐厅，雨花西餐厅名不虚传 我是上周末在东门老街逛累了找门店吃饭，刷到了这家门店，听说以前是一家连锁西餐厅，现在的雨花坐落在罗湖国贸，装修偏奢华复古. [薄荷]环境： 奢华复古的西餐厅环境，分大厅区域和VIP区，门店内设有吧台，可以看到调酒师调配各种饮品，餐厅整体环境比较有老式西餐厅的氛围感，当时选择是靠近窗边的位置，看着外面车水马龙就餐十分惬意 [服务铃]服务： 服务方面也还不错的，服务员比较有礼貌，穿着要求十分得体大方，可能是因为时间比较晚的缘故，服务员并不是很多，导致会出现疏忽顾客的情况，不过后面也是有服务员过来解决，还算不错..吧. 点餐方面比较有体验感，会给一个小菜牌让顾客自行勾选，如果服务员响应得更及时一点就更好了.. 菜品： 「安格斯板腱牛排」牛排煎制的还算可以接受，点的是7分熟，吃了之后感觉有点柴，如果有同学点板腱牛排建议是选择5分熟会嫩一点点 「黑椒汁」黑椒汁香味不太足，有点淡的感觉，不过可以接受，因为每张桌子都有玫瑰盐和黑胡椒可以自行添加，这一点还是比较细节的 「南瓜汤蘑菇汤」浓汤这一方面不知道是不是点了团购里面的原因，并不是特别理想，奶油味偏淡，浓稠度不够，有点太稀的感觉 其他放题的配食方面中规中矩，还算OK吧，总结一下就是第一次接触深圳第一家西餐厅比较匆忙，可能还没尝试到餐厅真正的拿手好菜，下次来会选择呼声最高的菜品点餐；服务方面如果对顾客响应度再高一点的话就更好了；虽然说此次体验并不是特别完美，但毕竟是深圳首家西餐厅，还是愿意期待下次的碰撞
收起评价"
信勇俊秀的小天,口味：5.0,环境：5.0,服务：5.0,环境优美，服务周到，食品丰富新鲜
肥茄子,口味：5.0,环境：5.0,服务：5.0,味道非常棒，环境非常nice，服务非常周到！
小韩最爱洗车,口味：5.0,环境：5.0,服务：5.0,服务很贴心，菜品口味很棒，值得大家过来品尝
吴家杰_3008,口味：5.0,环境：5.0,服务：5.0,菜好吃😋，服务周到，光盘到底
美丽诚恳呼嘘鹿,口味：5.0,环境：5.0,服务：5.0,环境不错，牛排比较嫩，饮品种类很多。
美好甜蜜呱呱蝠,口味：5.0,环境：5.0,服务：5.0,味道非常好，赶紧舒服，下次一定要来
123木头人,口味：4.5,环境：4.5,服务：4.5,[薄荷]环境： 环境优美 [服务铃]服务： 小哥哥小姐姐服务很好 「安格斯特级牛仔骨」超级好吃 超级无敌美味 「水果沙律」吃了好几份 超级好吃 「提拉米苏」好吃好吃好吃😋
Man.,口味：5.0,环境：5.0,服务：5.0,環境不錯 服務不錯 食品不錯 還會再來～！
枇杷油泼黄姜,口味：5.0,环境：5.0,服务：5.0,牛扒口味不错，性价比高，推荐，经常来
山药烤动物油,口味：5.0,环境：5.0,服务：5.0,味道不错，环境优美，别人介绍过来的，好吃，下次再来
Kelly,口味：4.5,环境：5.0,服务：4.5,味道不错。环境优雅。很好。下次在来
孤军奋战_7510,口味：5.0,环境：5.0,服务：5.0,菜品很好，服务很周到，上菜速度很快，值得再来
Man_2178,口味：5.0,环境：5.0,服务：5.0,雨花三十年，深圳四十年，老牌西餐厅，不论出品和服务都不错，性价比超高，推荐
智知清秀的小铃,口味：5.0,环境：5.0,服务：5.0,今天服务菜品挺好，下次还会继续来
灵活谦虚唧唧狮,口味：5.0,环境：5.0,服务：5.0,口味不错，服务态度好，性价比高，推荐
温柔有爱咔嚓牛,口味：5.0,环境：5.0,服务：5.0,牛扒口味不错 肉质鲜嫩 推荐 性价比超高
独特活泼嘤嘤豹,口味：5.0,环境：5.0,服务：5.0,环境不错，牛扒不错，副食品种多，推荐，性价比高
空白格。_9271,口味：5.0,环境：5.0,服务：5.0,环境很好很舒服 很适合来恋爱 上餐快
林小呐_5619,口味：5.0,环境：5.0,服务：5.0,味道很好，份量足，副食无限，已推荐给朋友
臨_1454,口味：5.0,环境：5.0,服务：5.0,深州四十年 雨花三十年 不愧是老店 不論出品和服務都不錯 推薦
忠诚可爱嘎嘎蜥,口味：5.0,环境：5.0,服务：5.0,牛扒好吃，环境优美，服务好，推荐
中华脱发大户,口味：5.0,环境：5.0,服务：5.0,可以，比较合算，位置也很好找，靠窗视野不错
柔美幽默呼嗷虎,口味：5.0,环境：5.0,服务：5.0,食材，环境堪忧性价比很高的一间西餐厅
匿名用户,口味：5.0,环境：5.0,服务：5.0,非常好吃的一家餐厅！物美价廉！值得推荐(＾ω＾)🏻我的朋友非常满意！说这里的战斧牛排也非常的好吃！还赠送了一个小菜！非常感谢🏻！不多说！推荐(＾ω＾)🏻
俊美真心的小菲,口味：5.0,环境：5.0,服务：5.0,服务不错 环境优美 牛扒很好吃 推荐
我是老六,口味：5.0,环境：4.5,服务：4.5,[薄荷]环境: 环境雅致 「安格斯板腱牛排」安格斯牛排美味 翡翠螺鲜香，鱼柳滑嫩，小菜精致，让人尽享美食盛宴。
帅气有趣呱唧蛇,口味：5.0,环境：5.0,服务：5.0,地理位置很好，店家环境不错的，菜品特色多样，味道不错
yvonne2111,口味：5.0,环境：5.0,服务：5.0,阳光明媚，菜式很好吃，环境也不错啊
始终如一,口味：5.0,环境：5.0,服务：5.0,牛扒肉质鲜美，很好吃，鲜嫩多汁，好吃，服务好
刘元华,口味：5.0,环境：5.0,服务：5.0,环境优美，出品快，味道棒，以前经常来，值得推荐
真挚耐心咕噜猴,口味：5.0,环境：5.0,服务：5.0,环境很舒服，很有氛围感！！很出片！！服务态度也不错
勇勇真诚的小亮,口味：5.0,环境：5.0,服务：5.0,第一次吃西餐，味道不错，下次还来
黄喉烩植物油,口味：5.0,环境：5.0,服务：5.0,環境非常好，食物質素高，會再來光顧！
忠俊真心的小曹,口味：5.0,环境：5.0,服务：5.0,"口味很好, 環境優美，會再次光臨😃"
香糟炝香葱,口味：5.0,环境：5.0,服务：5.0,菜品丰富 环境优美 服务好 性价比超高
小小琼瑜,口味：5.0,环境：5.0,服务：5.0,这里非常好，菜品也很好吃😋，环境也十分优美
俊义忠诚的小方,口味：5.0,环境：5.0,服务：5.0,味道好，菜品多。环境不错，很喜欢
一块很臭的面包,口味：3.5,环境：4.0,服务：3.0,"在罗湖开了好多年的雨花，金光华斜对面，海丰苑一楼，装修已经显得比较老旧了。食物的味道也是一般般，以前觉得他家的牛扒还不错，现在是大不如前了，口感又老又硬，咖啡更是甜到一言难尽，中午来的服务员像没睡醒似的慵慵懒懒
收起评价"
AAA～杰,口味：5.0,环境：5.0,服务：5.0,打卡网红餐厅，没踩雷，味道很好推荐支持大家来打卡
知美幸福的小丽,口味：5.0,环境：5.0,服务：5.0,味道不错，环境也很舒适，很适合情侣约会
轻快美丽咚咚蟹,口味：5.0,环境：5.0,服务：5.0,吃空盘了 服务人员挺多照顾周到 环境不错
金针菇炝拌菜籽油,口味：5.0,环境：5.0,服务：5.0,環境優美 員工很充足 服務得很到位 東西也很好食
LAM919,口味：5.0,环境：5.0,服务：5.0,环境不错，牛扒很大一份，副食任点任吃，划算。
芬芬,口味：5.0,环境：5.0,服务：5.0,吃过好几次一如既往的支持，好吃菜品选择多；
阳光的宝贝_370,口味：5.0,环境：5.0,服务：5.0,我是老熟客了，经常过来，性价比高，牛扒非常好吃
善贤踏实的小博,口味：5.0,环境：5.0,服务：5.0,第一次來食，牛扒味道不錯，食物質素好-下次在來
2-_8252,口味：5.0,环境：5.0,服务：5.0,性价比很高，食材很新鲜。三文鱼入口即化，一看就是高端食材，很值得推荐
Ene,口味：5.0,环境：5.0,服务：5.0,每个菜出品都很赞，没有踩雷的，我和朋友就餐体验都觉得很赞，下次还会来
又见炊烟_4048,口味：5.0,环境：5.0,服务：5.0,好吃。原料新鲜，饮料品种多，扒味道好。
唔薏,口味：4.0,环境：4.0,服务：2.0,"服务真的很一般，等菜特别特别久，主菜慢我能理解，但是我点了一个南瓜汤和一个沙拉，一个小时过去了南瓜汤催了三次才给我，都不知道在搞什么，最后我都要走了找个人问一下没做就撤了，那个人走了就没回来过，最起码给我一个答复都没有，饮料也是超级久，我主食都吃完了才给我上饮料，不行就加个人呢，收餐具也是，叫了好几次，今天是周五人多，但是真的服务太一般了，干啥都要叫好几次，上菜那么慢主菜都上了，一个沙拉要多久，明显就是忘了，我还提醒了最起码三次，到最后也没上
收起评价"
橄榄烩咖啡粉,口味：5.0,环境：5.0,服务：5.0,非常靠谱的一家店，罗湖西餐厅的天花板吧。氛围感非常好
贤慧轻灵的小蓉,口味：5.0,环境：5.0,服务：5.0,菜品丰富，好吃，性价比高，推荐
匿名用户,口味：5.0,环境：5.0,服务：5.0,第一次吃味道不错很好吃 小吃也是任吃的不错
完美生活01,口味：5.0,环境：5.0,服务：5.0,嗯，今天来过生日，环境挺好，食物做的不错，挺适合过来庆祝生日。
信谦清爽的小澜,口味：5.0,环境：5.0,服务：5.0,上菜速度特别快 摆盘精致 每一样都很好吃 强烈推荐一定要来
吃不吃，不吃，吃不吃，吃,口味：5.0,环境：5.0,服务：5.0,环境很美，就在金光华附近很好找
嘉不講李,口味：5.0,环境：5.0,服务：5.0,牛扒肉质不錯 品質好 性价比高 推荐
璀璨清幽唧唧熊,口味：5.0,环境：5.0,服务：5.0,牛扒品质不错 性价比高 很好吃 推荐
幸福人生_411628,口味：5.0,环境：5.0,服务：5.0,挺好吃的，女朋友喜欢吃牛排，带过来体验很棒
令旗_8940,口味：5.0,环境：5.0,服务：5.0,味道很不错，挺好吃的，很推荐大家
咸蛋黄清蒸龙虾片,口味：5.0,环境：5.0,服务：5.0,牛扒非常好吃。性价比高，还会来，推荐
祥云大圣,口味：4.5,环境：4.5,服务：4.5,"非常满意的一家西餐厅，很有情调。装修的氛围也很有格调。服务很热情。牛扒牛仔骨做的很地道。最主要还有副食品种很多，而且一个半小时内可以任点，但是前提不能浪费。对面就是国贸，地段交通很便利。适合约会畅谈的品质餐厅。
收起评价"
灵活有爱嘿嘿猫,口味：5.0,环境：5.0,服务：5.0,西歺很地道，美味，种类丰富，环境优雅！
善勇轻盈的小邬,口味：5.0,环境：5.0,服务：5.0,牛扒口味不错，性价比高，副食任点任吃，品种也多，推荐
刚知漂亮的小奚,口味：5.0,环境：5.0,服务：5.0,牛扒很好吃 服务到位 饮料也好喝 推荐
Michelle_8752,口味：5.0,环境：5.0,服务：5.0,牛扒品质不错，不愧是老店，不论出品，服务，都非常好，性价比高，推荐
QI_396518603,口味：5.0,环境：5.0,服务：5.0,雨花老字号，味道很好，服务台也很热心，下次还会来。
蛋黄蒸油菜,口味：5.0,环境：5.0,服务：5.0,第二次光顾 还可以 味道也不错 牛排很新鲜 环境好，整体感觉不错的 可以推荐
匿名用户,口味：5.0,环境：5.0,服务：5.0,牛扒鲜嫩多汁，性价比高，牛扒非常好吃，推荐
活泼独特咕噜熊,口味：5.0,环境：5.0,服务：5.0,环境很好，性价比也很高，东西很好吃，服务态度也很好！
真挚轻盈咕嘟熊,口味：5.0,环境：5.0,服务：5.0,菜品环境都非常佳，服务态度也非常的好
从心化贝,口味：3.5,环境：3.5,服务：3.5,"[薄荷]环境: 在金光华广场对面一栋大厦的二楼，环境相对来说还是不错的，正常工作日中午去都能有窗边的位置。 [服务铃]服务: 服务很好，点完餐直接叫服务员下单，即使很忙，也会先跟你回应一下。 口味： 「云顶乌龙琥珀珍珠牛奶茶」很好喝，比外面买的都好喝。
收起评价"
智谦独特的小颖,口味：5.0,环境：5.0,服务：5.0,西餐厅环境很幽雅，氛围感拉满，菜品美味 服务也是非常周到 很满意的一次用餐。
专业能干呱唧蟾,口味：5.0,环境：5.0,服务：5.0,环境优美菜品丰富性价比高品质好推荐来
西红柿灼秦巴羊肉,口味：5.0,环境：5.0,服务：5.0,环境很好 口味好 服务态度也很好 约会圣地 非常推荐
雄俊聪明的小俊,口味：5.0,环境：5.0,服务：5.0,食材新鲜，口味很棒，服务良好，环境优雅。
信谦高尚的小晓,口味：5.0,环境：5.0,服务：5.0,口味 ok，环境好，老牌西餐厅，服务热情 多次消费了 推荐给大家
Pan,口味：5.0,环境：5.0,服务：5.0,從火車站行來10分鐘左右.位置方便. 購買的套餐也便宜. 服務也很好.
机智有趣嘶嘶鹿,口味：5.0,环境：5.0,服务：5.0,菜品丰富，种类多样，服务好，味道绝佳
在凌云岩拉二胡的烧鸭,口味：5.0,环境：5.0,服务：5.0,非常好吃，氛围很好，在小红书看到来的，出乎意料，环境也很好
毅善聪慧的小雅,口味：5.0,环境：5.0,服务：5.0,菜品种类丰富，口味惊艳，环境典雅，一次非常好的用餐体验
Love灬珍惜*_5129,口味：5.0,环境：5.0,服务：5.0,菜品味道超好味，环境挺舒服，服务也很好
小孙也要拼图,口味：5.0,环境：5.0,服务：5.0,环境很好，经常来吃，这次带朋友来吃，他挺满意的，推荐这家哈
Kc.,口味：2.0,环境：3.0,服务：4.0,主食牛排还可以，自助除了炒饭和汤其他的都很难吃，餐前蛋糕硬硬的，2位位桌子也很少，摆不了多少东西
匿名用户,口味：3.5,环境：3.0,服务：3.5,深圳有名的老牌西餐厅，开了好多年了。 店挺大的，小坐一下还不错。
勤奋迷人嗒嗒蜥,口味：5.0,环境：5.0,服务：5.0,三文鱼塔塔很好吃，法国鹅肝牛肉炒饭入口口感不错，热带水果沙拉很符合想象中的口感，确实值得尝试
匿名用户,口味：5.0,环境：5.0,服务：5.0,很没问题，第一次喝莫吉托没想到这么好喝，店内环境也很好很出片，快来拉上姐妹一起来打卡！
.XING.,口味：5.0,环境：5.0,服务：5.0,环境优美，牛排大份好吃，服务态度好，氛围超棒
贤信勇敢的小穆,口味：5.0,环境：5.0,服务：5.0,好好吃，味道还是当年一样，赞赞赞赞赞哒
妞妞_401147,口味：5.0,环境：5.0,服务：5.0,满意，十分满意牛扒好嫩尤其是牛仔骨
名店坊小贺,口味：5.0,环境：5.0,服务：5.0,牛仔骨就，牛排味道很好，菜品也棒棒哒
忠知天真的小顾,口味：5.0,环境：5.0,服务：5.0,味道还是比较不错的，整体服务舒服，不会排队太久
一埸娱樂,口味：4.5,环境：4.5,服务：4.5,牛眼肉跟羊排比较推荐，个人比较喜欢鹅肝炒饭
匿名用户,口味：5.0,环境：5.0,服务：5.0,带儿子来吃 很喜欢吃 点的双人餐战斧牛排很好吃直接光盘行动
May_605796,口味：5.0,环境：5.0,服务：5.0,挺不错，还是之前的味道，10多年了，以前就在楼下。沙头角过来打卡
贤礼诚信的小丁,口味：5.0,环境：5.0,服务：5.0,口味非常好，我们家的小朋友非常喜欢吃，环境舒适，值得推荐！
匿名用户,口味：5.0,环境：5.0,服务：5.0,第一次来味道不错 牛排很嫩骑分熟刚刚好 还会再来的
睿智开朗咕唧蟹,口味：5.0,环境：5.0,服务：5.0,牛扒很好吃，性价比高，副食无限吃，推荐，还会来
会员7326492,口味：5.0,环境：5.0,服务：5.0,环境不错，菜品味道OK，小孩很喜欢，就是周末人有点多
开朗美好呼嗷豹,口味：5.0,环境：5.0,服务：5.0,餐厅环境很好，带靠窗的桌子，出品味道不错
独特甜美呱呱蜻,口味：5.0,环境：5.0,服务：5.0,七年前在海上世界吃过一次，当时就觉得很好吃，现在也是一样的棒棒的，十分推荐
匿名用户,口味：5.0,环境：5.0,服务：5.0,总体还不错，环境氛围还可以，牛排也挺好吃的。
排骨的宝宝,口味：5.0,环境：5.0,服务：5.0,"[服务铃]服务：店员nice，收碟及时 [薄荷]环境：位置宽敞坐得很舒服😌 「黑水榄薄切生牛」这个好吃，不怕生的，推荐肉质嫩滑，配上芥末，味觉冲击～「安格斯板腱牛排」「牛仔骨牛排」7分熟，刚刚好。肉质很嫩，不过有很多筋。他家是半自助的，配的副食也不错～～
收起评价"
在明月山拉二胡的鸡蛋,口味：5.0,环境：5.0,服务：5.0,[薄荷]环境： 环境优美 深圳老牌西餐厅 「黑松露炒蘑菇」好吃！ 下次还会再来 服务态度也很好
比萨腊黑莓,口味：5.0,环境：5.0,服务：5.0,环境优美，出餐相当快，菜品也相当不错
Chevy,口味：5.0,环境：5.0,服务：5.0,疫情前经常来这家餐厅，非常不错的！这次趁着元宵节前团购了一份双人餐，品种非常丰富，比以前更好了，出品很赞，服务员也非常热情，物超所值，超赞！
树熊家的傻祖祖,口味：5.0,环境：5.0,服务：5.0,"雨花西餐廳 性價比極高，非常高質的西餐廳值得推介！ 於大眾點評購買了雙人套餐，以¥269的優惠價，可以揀選2份高質主食，包括:牛扒鵝肝、羊肉雞扒等，更可仼選仼食湯品、小食和飲品，令人非常滿意和享受的一頓！環境佈置有心思而精緻，值得來一趟打卡會再去光顧~
收起评价"
智信睿眼的小曾,口味：5.0,环境：5.0,服务：5.0,地理方便，服務很好。跟小朋友過來吃生日飯，食物很好，可以encore
匿名用户,口味：5.0,环境：5.0,服务：5.0,食材新鲜，菜品丰富，环境很不错，值得推荐！就在国贸对面，交通很方便
liorla,口味：3.0,环境：3.5,服务：3.0,一般般，我的塔塔现在还没上，是怕它受伤送去抢救了吗 土豆泥的分量真的巨少，塔真的巨慢，东西都不好吃 望改进
灵活清澈咕咕蚕,口味：5.0,环境：5.0,服务：5.0,牛扒非常好吃 肉质不错 下次还会来
Chanyelo,口味：5.0,环境：5.0,服务：5.0,环境好，餐品好吃，服务态度真好。喜欢下次还来，推荐一下
海带烫糯米,口味：5.0,环境：5.0,服务：5.0,牛扒很好吃，副食品种多，优惠，性价比高，推荐
笛子_7892,口味：5.0,环境：5.0,服务：5.0,餐厅环境安静优雅，菜品可口，价格实惠，服务态度不错，值得一来。
灵活柔美哇哇蝶,口味：5.0,环境：5.0,服务：5.0,板腱牛排拼鹅肝很好吃，鹅肝一点也腻。
angelcash,口味：5.0,环境：4.5,服务：5.0,最近愛上雨花的半自助，下午茶時段人很少，很安靜。
兔兔袜底酥,口味：4.0,环境：5.0,服务：4.5,"[薄荷]环境: 环境不错，灯光配合的恰到好处，比较有氛围感。 [服务铃]服务: 菜品种类较多，给足了选择性，菜品味道可以打个8分，美中不足的是上菜速度太慢了，以至于等到后面太饿了，上一份菜立马光盘一份，影响进餐心情。
收起评价"
小怡是吃货吖,口味：4.5,环境：4.5,服务：4.5,"我去了雨花西牛排餐厅，点了他们家的招牌牛排。牛排烹饪得恰到好处，肉质鲜嫩多汁，入口即化。搭配的薯条和沙拉也很美味。餐厅环境优雅，服务周到。虽然价格稍贵，但考虑到食材和烹饪水平，还是物有所值的。总体来说，雨花西牛排是一家值得推荐的西餐厅，我会向朋友们推荐并再次光顾。
收起评价"
坚强真挚嘭当龙,口味：5.0,环境：5.0,服务：5.0,牛扒肉质好吃 环境舒服 性价比高 值得推荐 还会来
Charon,口味：5.0,环境：5.0,服务：5.0,菜品都很好吃，牛排很大，每一个东西都没有踩雷！！
在湿地公园拍照的猪肝,口味：5.0,环境：5.0,服务：5.0,味道鲜美，口味适中，位置很便利，已经是第三次来了，真不错
忠毅大方的小温,口味：5.0,环境：5.0,服务：5.0,量很够，也挺好吃的。环境比较复古风
阿蚊耶,口味：5.0,环境：5.0,服务：5.0,刚好在附近找吃饭的餐厅，很久没来过雨花，最后决定来吃吃看，套餐很划算，菜品味道也很不错，环境很有氛围，很适合小聚，老品牌还是很有水准的！
满满_458,口味：5.0,环境：5.0,服务：5.0,环境优美，服务态度好，美味，下次还来
沛霖弟,口味：5.0,环境：5.0,服务：5.0,来过很多次了，每次都味道体验都很好
麒麟,口味：5.0,环境：5.0,服务：5.0,可口佳肴，氛围十足，邀君一同共进一餐。
刘亚_9744,口味：5.0,环境：5.0,服务：5.0,环境很好，东西也很丰富好吃😋
睿睿纯情的小强,口味：5.0,环境：5.0,服务：5.0,环境跟服务都不错的，牛排味道是真可以，菜品都比较精致，强烈推荐～
俊秀天真咕咕蚁,口味：5.0,环境：5.0,服务：5.0,性价比很高 菜品也很不错 服务也很到位 很值得大家来试一试
凯丝爱上看芭蕾舞,口味：5.0,环境：5.0,服务：5.0,环境优美，服务热情，食物丰富美味，值得推荐
猫小姐,口味：5.0,环境：5.0,服务：5.0,环境还不错 口感也挺好 性价比很高
桂圆清蒸米粉,口味：5.0,环境：5.0,服务：5.0,性价比超高 牛扒鲜嫩多汁 服务到位 好吃 推荐
睿善谦虚的小春,口味：5.0,环境：5.0,服务：5.0,雨花雨餐厅很老的连锁店了，买的套餐非常超值，味道也很不错，推荐！
Mr.taxi,口味：5.0,环境：5.0,服务：5.0,味道不错，值得点赞，环境很舒服，nice
勤俭帅气呼呼猪,口味：5.0,环境：5.0,服务：5.0,环境很不错，菜品味道也挺好，自助餐品种类丰富，经济实惠
粥粥,口味：5.0,环境：5.0,服务：5.0,第一次和老公来这里过结婚纪念日，感觉菜品环境和服务都挺好的，下次再带朋友过来
暗银色耳朵的宝蓝色斑马,口味：5.0,环境：5.0,服务：5.0,味道很好，餐品种类丰富，真材实料，环境优雅，网速很快10MB/s。
缤纷人生1,口味：5.0,环境：5.0,服务：5.0,服务非常好，份量很足，多年老店非常棒
欧尼吖_608,口味：5.0,环境：5.0,服务：5.0,第一次来 体验感很好 羊排很嫩没有腥臊味 牛肉牛肉汤很好喝
三七乱,口味：5.0,环境：5.0,服务：5.0,环境很好，装修复古很有味道，食材也很赞，牛油果芒果鲜虾沙拉最好吃😋，服务也很好，下次还来。
轻盈璀璨嘟嘟虎,口味：5.0,环境：5.0,服务：5.0,口味非常好吃。性价比高，推荐。
甜蜜甜美嘀嗒熊,口味：5.0,环境：5.0,服务：5.0,牛扒非常好吃，性价比高，推薦，下次还来
阿梅_6012,口味：5.0,环境：5.0,服务：5.0,味道还是一如既往的好，不错，不错！
善义优美的小贝,口味：5.0,环境：5.0,服务：5.0,几年没有吃雨花了，想不到一如既往的好吃 现在更是便宜又大份 值得推荐！
大哥駿,口味：3.0,环境：3.5,服务：4.0,"跟女朋友吃情人節大餐 菜品選擇很少， 牛排和羊扒都沒有想像中的熱， 鵝肝很好吃🏻 石榴檸檬茶，南瓜湯，黑松露蘑菇，抹茶拿鐵 時間有限時90分鐘。 店內環境寧靜， 不過窗戶樓下正是垃圾分類箱，有點扣分 離東門幾分鐘路程，
收起评价"
辣椒红烧红酒,口味：5.0,环境：5.0,服务：5.0,环境优美 性价比高 牛扒好吃 还会来 推荐
智谦睿眼的小琳,口味：5.0,环境：5.0,服务：5.0,味道不错，服务态度好，性价比高；
满天都是酵母菌,口味：5.0,环境：5.0,服务：5.0,环境好好！东西好好吃！服务好好！！ 饮料做的好精致！味道好好！(❁´◡`❁)*✲ﾟ*喜欢喝！牛扒煎的很嫩！ 特别的好！
xin~肝*baby,口味：5.0,环境：5.0,服务：5.0,套餐非常好，吃的饱饱的，服务也非常好！值得推荐！
陈幼梅_4031,口味：5.0,环境：5.0,服务：5.0,牛扒非常好吃，我经常来，性价比高，推荐
Tony_tian,口味：2.5,环境：2.5,服务：0.5,"什么**服务态度，点评写11.30营业，我们11.20到了，等到点了，喊服务员才爱理不理的回一句12点才开，问为什么写的11.30，问了两次，头也不回就走了，中间也没倒个水说明下情况啥的，绝对不让朋友来。
收起评价"
老爺Ben,口味：2.5,环境：2.5,服务：2.5,"先講今次有小進步，可以在大衆排隊🏻,食物沒什麽驚喜 ，最失敗應該係那個朱古力心太軟(根本就係朱古力蛋糕🤦🏻‍♀️還是厨房唔識整🤔🤔🤔)其次要改善就係把牛扒刀(自殺都鋸唔開🤦🏻‍♀️),今日情人節加10%，39.8冇問題,但張單打印出來全足40!又被呃0.2毫子🤦🏻‍♀️
收起评价"
星辰,口味：5.0,环境：5.0,服务：5.0,好吃美味，菜品新鲜，量大实惠，超级推荐
忠真幸福的小芬,口味：5.0,环境：5.0,服务：5.0,性價比很高，很近關口方便，食物質素很不錯 牛扒味道非常好🏻🏻🏻🏻會再來
*TST聚缘,口味：5.0,环境：5.0,服务：5.0,坏境挺好 食物新鲜 服务态度很好 很好吃 下次回来
期待出现yi,口味：5.0,环境：5.0,服务：5.0,牛扒非常好吃，性价比高，推荐，还会来
清新勇敢咕唧虎,口味：5.0,环境：5.0,服务：5.0,，味道不錯，環境很好，比較滿意的！
贤智独特的小芬,口味：5.0,环境：5.0,服务：5.0,环境不错，适合打卡拍照 ！情侣约会好去处
米醋煮茴香,口味：5.0,环境：5.0,服务：5.0,牛扒肉质嫩，好吃。性价比高，推荐，下次还来
活泼漂亮咔嚓蛇,口味：5.0,环境：5.0,服务：5.0,味道非常棒，環境優美，服務週到，直得推薦！！！
红豆腌草莓,口味：5.0,环境：5.0,服务：5.0,牛扒非常好吃 性价比高| 还会来 推荐
明俊甜蜜的小卜,口味：5.0,环境：5.0,服务：5.0,份量刚刚好，菜品的味道也不错，餐厅的环境也很好。
童灵,口味：5.0,环境：5.0,服务：5.0,雨花的情人节套餐简直是太超值了，好吃不贵，服务还好，贴心服务让人感觉到家的温暖。
SamJay.,口味：5.0,环境：5.0,服务：5.0,餐厅位置很好找，在深圳听说过好几次了。今天终于来吃了一次，味道很不错，买了美团券过节也依旧可以使用，很不错～
MM33,口味：5.0,环境：5.0,服务：5.0,来了.三次，终于评价 主推牛仔骨，吞拿鱼塔塔好好吃，必点的。 其他还有很多任点的小吃。 每次吃都要喝3杯饮料打底 心太软的蛋糕浓郁的巧克力味 下次要去试下战斧
休闲快乐,口味：0.5,环境：0.5,服务：0.5,服务差，餐食难吃，等了半小时隔壁桌都上了餐食都还没给我上我真服了。真无语 避雷太难吃了还老牌口碑餐厅你怎么好意思？
Louise-璐璐,口味：5.0,环境：5.0,服务：5.0,几十年的老店了，确实很地道，牛排煎的超好，菜品选择性很多，酒水也不错，都是现点现做，环境也很好。
狂吃不胖,口味：4.0,环境：4.0,服务：4.0,"好像是开了很多年的一家扒店，味道是不错的。已经收藏了很久了，但是很少来福田这边，这次终于来打卡啦，味道很好哦。鹅肝很肥，个人不太喜欢，不过牛肉的品质真的非常好的哦，推荐大家来试一下！「有机菠菜浓汤」南瓜汤味道不错
收起评价"
俊真睿眼的小史,口味：5.0,环境：5.0,服务：5.0,好吃，环境好，而且服务也贴心。很满意的体验。
匿名用户,口味：5.0,环境：5.0,服务：5.0,总来这家吃牛排很好吃是老顾客了没吃过的可以尝一下
明刚谨慎的小段,口味：4.5,环境：5.0,服务：5.0,用餐环境不错、很安静、布局合理。菜品出的速度很快。
哆瑞咪嘛蕊,口味：4.5,环境：4.5,服务：4.5,[薄荷]环境： 视野开阔 店里装修很怀旧有年代感 团购套餐出品性价比高 牛肉稍微煎的老一些 其他出品口味还是不错的！
匿名用户,口味：2.5,环境：3.5,服务：2.5,"总体来说也就环境还可以！店内装修比较优优雅 有点 那种欧式的风格！ 菜品种类太少了！ 刚到的时候在后面坐光喊服务员点单喊了不下3次 菜品口味没什么惊艳 普普通通 没啥好值得推荐的！ 牛排要的5分熟 煎的真的是有点老～ 哎～应该不会再去了！
收起评价"
森K_4162,口味：5.0,环境：5.0,服务：5.0,店铺氛围很好，整体为美式复古风格装修，音乐和场景的结合突出了店里的特色，让我感觉非常好！适合约会的地点，菜色很多，牛排鲜嫩可口。
善良美丽呼咕熊,口味：5.0,环境：5.0,服务：5.0,环境不错 菜品也很棒服务热情上菜快菜品分量也很足俩个人吃的很饱很满意 下次还来
Mr盾_good_luc,口味：3.5,环境：3.5,服务：3.5,"雨花西餐厅作为深圳的老牌西餐厅。开了几十年的电了。年轻的时候就经常去。自从搬到了南山。好多年没有来过了。前几天到旁边的银行办事。中午刚好约上几个朋友到那吃个午餐，点了罗宋汤。三文鱼。莎拉。还有意面。但是感觉失去了以前的味道。味道。平平淡淡。尤其是三文鱼。一点都不好吃。非常的赞好像没有放一滴盐一样。没有以前的感觉也没有以前的品质了。
收起评价"
仁雄清澈的小全,口味：5.0,环境：5.0,服务：5.0,离地铁站很近，环境很好，菜品很多，上菜速度比较快，总体体验很好！
明忠温柔的小赵,口味：5.0,环境：5.0,服务：5.0,这是第N次来吃了，环境好，味道不错，服务态度好
匿名用户,口味：5.0,环境：5.0,服务：5.0,味道非常好，服务也不错，值得推荐
薰衣草色嘴巴的烟白色鳄鱼,口味：5.0,环境：5.0,服务：5.0,牛扒很好吃 服务也很好 性价比超高 推荐
雄贤俊秀的小韩,口味：5.0,环境：5.0,服务：5.0,口味独特，符合大众口感，特别是青年人。
专业幽默哗啦狮,口味：5.0,环境：5.0,服务：5.0,口味不错，氛围很好，服务质量也不错，推荐
陈蔓雅_7986,口味：5.0,环境：5.0,服务：5.0,性价比很高，东西也好吃，服务态度也好，跟朋友吃的很开心
在菊花岛爬墙的炒饭,口味：5.0,环境：5.0,服务：5.0,菜品很新鲜，环境优雅 适合和朋友约会聊天
匿名用户,口味：5.0,环境：5.0,服务：5.0,雨花分量可以，小吃很多，味道好，下次还来
清幽机智咕咚蜻,口味：5.0,环境：5.0,服务：5.0,牛扒非常好吃 性價比高 推薦 下次還來
耐心开朗嘀嘀蚁,口味：4.5,环境：4.5,服务：4.5,經過羅湖見到有間懷舊西餐，有主食，副食任點，經理服務很好
戴和城,口味：5.0,环境：5.0,服务：5.0,味道不错，分量很足(˘▽˘)っ🍽️
初心,口味：5.0,环境：5.0,服务：5.0,性价比很高，味道很好，下次还来
尘想_4514,口味：5.0,环境：5.0,服务：5.0,整体味道都很好，价格很实惠。更主要的是是记忆中每次上学时吃的味道。
在城隍庙拉二胡的鲫鱼,口味：5.0,环境：5.0,服务：5.0,菜品丰富，好吃，性价比高。推荐
匿名用户,口味：5.0,环境：5.0,服务：5.0,牛排很好吃 小吃也好吃 服务也很好 小朋友很喜欢
Twilight_1295,口味：5.0,环境：5.0,服务：5.0,[薄荷]环境: 环境一如既往的舒适 [服务铃]服务: 服务态度非常好 价格特别划算，来了好多次了，菜品质量一如既往的好，牛排非常嫩！偶尔来吃一下，体验一下悠闲地下午！
Strongerge_1728,口味：5.0,环境：5.0,服务：5.0,经常来光顾这家，环境挺好的。分量挺足，吃的也多。
专业纯情呼嘘龙,口味：5.0,环境：5.0,服务：5.0,你就是我不爱别人的理由(˘❥˘)
真义聪明的小贺,口味：5.0,环境：5.0,服务：5.0,环境优美，氛围好，菜色丰富，入口即化。
深绿色眼睛的淡紫色狐狸,口味：5.0,环境：5.0,服务：5.0,环境清幽，布置很用心 食物口感不错
睿谦诚恳的小宏,口味：5.0,环境：5.0,服务：5.0,質素保持好好，服務態度好，環境也很好，會再來吃
张嘉玲1,口味：5.0,环境：5.0,服务：5.0,牛排特别好吃，味道特别好，特别嫩，环境特别好
真德优美的小雅,口味：5.0,环境：5.0,服务：5.0,来了很多次了，依旧很好吃。环境音乐都很好很放松。菜品很有性价比！
仙女,口味：5.0,环境：5.0,服务：5.0,牛扒非常好吃，第一次过耒，体验不错，性价比高
坚强优秀呼咕蝌,口味：5.0,环境：5.0,服务：5.0,牛肉很嫩，很好吃！配菜很多选择，这个价格算性价比高。
匿名用户,口味：5.0,环境：5.0,服务：5.0,味道不错第一来出乎意料 牛排上菜也很快 服务好菜品精致环境优美
搞钱女孩,口味：3.5,环境：4.5,服务：4.5,环境很好，音乐很让人放松，很有氛围 服务员很有耐心 最爱水果沙律和茉莉奶芙
键胜,口味：5.0,环境：5.0,服务：5.0,服务态度好 味道不错 性价比高 推荐
moonstar744,口味：5.0,环境：5.0,服务：5.0,环境很好，味道也好，3个人吃得非常饱！
礼贤睿眼的小方,口味：5.0,环境：5.0,服务：5.0,牛扒非常好吃 肉质细嫩 还会来 性价比高
智勇谦虚的小莲,口味：5.0,环境：5.0,服务：5.0,味道好，晚点来人也少，牛排煎的恰到好处，口感和味道都很不错，半自助也吃的很满意，性价比非常高
鲍鱼灼黄姜,口味：5.0,环境：5.0,服务：5.0,非常好很满意，下次再约朋友一起来玩
阴阳怪气,口味：5.0,环境：5.0,服务：5.0,味道很好，第一次楚体验不错，会再来的，值得推荐
明真大方的小沈,口味：5.0,环境：5.0,服务：5.0,店内干净且复古，拍照很好看。读书吃到现在还是很好吃😋
明美独特的小韩,口味：5.0,环境：5.0,服务：5.0,环境优美，菜品丰富美味！副食选择多味也好！
白色嘴巴的靛蓝色仓鼠,口味：5.0,环境：5.0,服务：5.0,菜品很丰富，准备小朋友生日在这里办。主食和辅食都很西餐。
柔和纯情咕咚蛙,口味：5.0,环境：5.0,服务：5.0,下午四点到的，陆续就满客了，上菜还挺快， 老字号还是有保证的， 从15岁开始吃雨花到现在，满满的情怀 品质一如既往，出品精良技术稳定，现在增加了放题好像更完美了✌✌✌
毅贤精明的小俞,口味：5.0,环境：5.0,服务：5.0,菜品很合口味，环境不错，是一家值得品尝的西餐厅。
