detailed_name,ip_address,following_count,follower_count,likes_count,registration_date,vip_status
Nicole菲儿 + 关注,深圳,关注 63,粉丝 62,获赞 314,注册时间：2014-09-23,vip
黄元帅 + 关注,深圳,关注 2,粉丝 4,获赞 3,注册时间：2017-11-25,vip
广西十大杰出青年 + 关注,深圳,关注 0,粉丝 2,获赞 32,注册时间：2016-08-31,普通用户
bowenleelee + 关注,深圳,关注 2264,粉丝 1371,获赞 1.7万,注册时间：2015-02-06,vip
征有点...... + 关注,深圳,关注 102,粉丝 1989,获赞 4.5万,注册时间：2013-12-02,vip
市井食神流川枫 + 关注,深圳,关注 144,粉丝 1034,获赞 3.2万,注册时间：2010-03-26,vip
香港中环Klee + 关注,香港,关注 39,粉丝 10,获赞 220,注册时间：2023-08-10,普通用户
酥皮蛋挞 + 关注,上海,关注 43,粉丝 9,获赞 36,注册时间：2024-06-01,vip
SharolMui + 关注,深圳,关注 19,粉丝 0,获赞 11,注册时间：2018-03-01,vip
tmtraveler + 关注,香港,关注 4,粉丝 24,获赞 205,注册时间：2018-07-26,普通用户
Louis + 关注,深圳,关注 0,粉丝 1,获赞 0,注册时间：2022-10-20,普通用户
Ada + 关注,上海,关注 1071,粉丝 1018,获赞 86,注册时间：2024-03-08,vip
HQY_3450 + 关注,深圳,关注 4,粉丝 5,获赞 37,注册时间：2015-06-30,vip
波波 + 关注,上海,关注 2,粉丝 7,获赞 13,注册时间：2023-06-27,vip
喜歡吃喝的比比 + 关注,上海,关注 3,粉丝 4,获赞 13,注册时间：2023-06-04,vip
Jovia + 关注,上海,关注 0,粉丝 0,获赞 1,注册时间：2023-06-30,普通用户
凉拌小番茄. + 关注,深圳,关注 418,粉丝 421,获赞 877,注册时间：2021-11-30,vip
琦琦北鼻 + 关注,深圳,关注 0,粉丝 0,获赞 9,注册时间：2016-10-15,普通用户
AIiceserendipity + 关注,新加坡,关注 15,粉丝 25,获赞 144,注册时间：2015-08-29,vip
百香果蒸枣泥 + 关注,深圳,关注 0,粉丝 0,获赞 0,注册时间：2024-06-04,普通用户
善勇勇敢的小龚 + 关注,深圳,关注 0,粉丝 0,获赞 0,注册时间：2023-09-13,普通用户
德明清澈的小鲁 + 关注,怀化,关注 1,粉丝 0,获赞 0,注册时间：2017-10-03,普通用户
jj爱yy + 关注,深圳,关注 0,粉丝 0,获赞 0,注册时间：2013-09-19,普通用户
酸菜魚_3293 + 关注,上海,关注 0,粉丝 0,获赞 0,注册时间：2016-10-01,普通用户
忠诚幸福咕咕羊 + 关注,深圳,关注 0,粉丝 0,获赞 0,注册时间：2022-02-18,普通用户
泡酒缸的桂花 + 关注,深圳,关注 0,粉丝 0,获赞 0,注册时间：2022-02-19,普通用户
咩也问题 + 关注,深圳,关注 1,粉丝 0,获赞 16,注册时间：2017-09-03,普通用户
暗棕色嘴巴的浅绿色海豚 + 关注,深圳,关注 0,粉丝 0,获赞 1,注册时间：2017-11-06,普通用户
小茜ann + 关注,深圳,关注 16,粉丝 19,获赞 5,注册时间：2012-07-18,普通用户
大雄酱 + 关注,深圳,关注 4,粉丝 1,获赞 1,注册时间：2013-06-04,普通用户
kimkim + 关注,深圳,关注 13,粉丝 2,获赞 1,注册时间：2022-12-14,普通用户
食好西 + 关注,香港,关注 0,粉丝 0,获赞 0,注册时间：2023-03-19,vip
清新可爱嘭当龙 + 关注,深圳,关注 0,粉丝 0,获赞 2,注册时间：2018-05-05,普通用户
榴莲忘陈 + 关注,深圳,关注 1024,粉丝 954,获赞 610,注册时间：2017-10-30,vip
爱吃是四叶子 + 关注,香港,关注 0,粉丝 1,获赞 0,注册时间：2023-05-25,普通用户
LamLam + 关注,上海,关注 0,粉丝 0,获赞 0,注册时间：2023-06-15,普通用户
夏叶0707 + 关注,深圳,关注 11,粉丝 10,获赞 45,注册时间：2013-07-31,vip
供港农场基地三鸟 + 关注,深圳,关注 16,粉丝 0,获赞 4,注册时间：2019-11-03,普通用户
黑米妈 + 关注,深圳,关注 2,粉丝 2,获赞 5,注册时间：2014-08-21,普通用户
三公主 + 关注,深圳,关注 0,粉丝 2,获赞 6,注册时间：2014-07-12,普通用户
My_2959 + 关注,上海,关注 8,粉丝 4,获赞 0,注册时间：2016-01-17,普通用户
奧斯卡 + 关注,上海,关注 1,粉丝 0,获赞 0,注册时间：2023-04-07,普通用户
阿英_5273 + 关注,上海,关注 0,粉丝 0,获赞 1,注册时间：2016-07-23,普通用户
Ari + 关注,深圳,关注 0,粉丝 0,获赞 0,注册时间：2019-02-14,普通用户
途途 + 关注,上海,关注 0,粉丝 0,获赞 0,注册时间：2019-04-05,普通用户
俊善柔和的小沈 + 关注,深圳,关注 1,粉丝 0,获赞 0,注册时间：2018-09-06,普通用户
我的仨米奇 + 关注,深圳,关注 0,粉丝 0,获赞 0,注册时间：2024-04-09,普通用户
贤毅清秀的小鹤 + 关注,深圳,关注 0,粉丝 0,获赞 1,注册时间：2023-04-02,普通用户
羅靖媛 + 关注,上海,关注 1,粉丝 1,获赞 1,注册时间：2015-07-15,普通用户
踏实热情咕哝鱼 + 关注,深圳,关注 0,粉丝 2,获赞 0,注册时间：2019-11-29,普通用户
SamSam + 关注,中山,关注 0,粉丝 0,获赞 0,注册时间：2023-06-06,普通用户
Iris_Utopia + 关注,杭州,关注 6,粉丝 9,获赞 138,注册时间：2015-03-17,普通用户
义雄清丽的小宇 + 关注,贵阳,关注 0,粉丝 0,获赞 0,注册时间：2022-01-30,普通用户
睿谦聪明的小马 + 关注,上海,关注 0,粉丝 0,获赞 0,注册时间：2024-08-04,普通用户
桂圆干涮糖浆 + 关注,上海,关注 0,粉丝 2,获赞 0,注册时间：2014-09-06,普通用户
蚝油腌海胆 + 关注,深圳,关注 0,粉丝 0,获赞 3,注册时间：2019-12-15,普通用户
睿真灵活的小酆 + 关注,上海,关注 0,粉丝 0,获赞 0,注册时间：2024-09-03,普通用户
幽默清秀哝哝狼 + 关注,深圳,关注 4,粉丝 0,获赞 0,注册时间：2017-06-19,普通用户
清秀轻柔呱呱蜥 + 关注,深圳,关注 0,粉丝 0,获赞 0,注册时间：2023-03-17,普通用户
谦信轻盈的小梦 + 关注,深圳,关注 0,粉丝 0,获赞 0,注册时间：2017-07-06,普通用户
yuyuyu + 关注,深圳,关注 6,粉丝 10,获赞 202,注册时间：2012-10-23,普通用户
yt + 关注,深圳,关注 1,粉丝 0,获赞 0,注册时间：2016-02-03,普通用户
清丽能干哇哇蝌 + 关注,中山,关注 0,粉丝 0,获赞 0,注册时间：2019-05-24,普通用户
QueenieTse + 关注,上海,关注 0,粉丝 0,获赞 0,注册时间：2024-01-05,普通用户
夏季之旅_841 + 关注,深圳,关注 3,粉丝 2,获赞 0,注册时间：2016-04-16,普通用户
红鱼先生的餐厅 + 关注,深圳,关注 155,粉丝 157,获赞 226,注册时间：2018-06-21,vip
龜兒 + 关注,香港,关注 0,粉丝 0,获赞 3,注册时间：2023-04-01,普通用户
荔浦芋 + 关注,深圳,关注 0,粉丝 2,获赞 0,注册时间：2013-02-26,普通用户
爱吃番茄_先生 + 关注,深圳,关注 1,粉丝 9,获赞 19,注册时间：2020-07-30,vip
randy + 关注,汕尾,关注 0,粉丝 0,获赞 0,注册时间：2020-04-05,普通用户
草果灼辣椒粉 + 关注,深圳,关注 1,粉丝 0,获赞 0,注册时间：2018-07-18,普通用户
超级大天才菲儿 + 关注,深圳,关注 47,粉丝 30,获赞 8,注册时间：2014-07-07,普通用户
执着-深圳 + 关注,其它城市,关注 23,粉丝 23,获赞 2,注册时间：2014-06-28,普通用户
hihi + 关注,深圳,关注 0,粉丝 0,获赞 0,注册时间：2023-12-30,普通用户
涛涛海水Johnny + 关注,上海,关注 103,粉丝 83,获赞 32,注册时间：2012-10-03,普通用户
Joyce + 关注,上海,关注 0,粉丝 0,获赞 0,注册时间：2023-12-27,普通用户
优美活泼咕吱蜂 + 关注,深圳,关注 0,粉丝 0,获赞 0,注册时间：2019-07-28,普通用户
十二媽 + 关注,江门,关注 0,粉丝 0,获赞 0,注册时间：2018-12-14,普通用户
白菜炝木耳丝 + 关注,深圳,关注 0,粉丝 0,获赞 1,注册时间：2017-10-29,普通用户
CHITBES + 关注,上海,关注 1,粉丝 1,获赞 0,注册时间：2015-11-14,普通用户
银色眼睛的淡紫色猴子 + 关注,深圳,关注 1,粉丝 1,获赞 0,注册时间：2013-12-04,普通用户
王金玲 + 关注,深圳,关注 0,粉丝 0,获赞 1,注册时间：2016-09-06,普通用户
刚勇清香的小晶 + 关注,深圳,关注 0,粉丝 0,获赞 1,注册时间：2017-10-08,普通用户
PeterLui + 关注,深圳,关注 0,粉丝 2,获赞 13,注册时间：2023-03-17,普通用户
咖喱 + 关注,香港,关注 0,粉丝 0,获赞 1,注册时间：2023-05-11,普通用户
酱油烫青柠檬 + 关注,深圳,关注 1,粉丝 0,获赞 0,注册时间：2023-07-09,普通用户
yi + 关注,上海,关注 1,粉丝 0,获赞 2,注册时间：2023-11-24,普通用户
诚信真诚嘎嘎狗 + 关注,深圳,关注 0,粉丝 0,获赞 0,注册时间：2017-11-04,普通用户
一顆自由的心 + 关注,香港,关注 0,粉丝 0,获赞 0,注册时间：2023-12-03,普通用户
kikl + 关注,深圳,关注 31,粉丝 52,获赞 315,注册时间：2018-03-11,vip
徐仁國 + 关注,深圳,关注 0,粉丝 1,获赞 3,注册时间：2018-12-19,普通用户
虾腌海苔 + 关注,上海,关注 0,粉丝 0,获赞 0,注册时间：2024-04-08,普通用户
璀璨诚恳呱呱狼 + 关注,深圳,关注 0,粉丝 0,获赞 0,注册时间：2023-05-16,普通用户
轻快稳重嘟嘟羊 + 关注,深圳,关注 0,粉丝 0,获赞 1,注册时间：2024-02-23,普通用户
知足常乐 + 关注,上海,关注 0,粉丝 0,获赞 0,注册时间：2024-01-11,普通用户
Annie + 关注,深圳,关注 2,粉丝 0,获赞 0,注册时间：2019-02-25,普通用户
阿瑟最爱烧烤 + 关注,河源,关注 0,粉丝 0,获赞 0,注册时间：2018-07-28,普通用户
Becky + 关注,上海,关注 0,粉丝 0,获赞 0,注册时间：2020-07-02,普通用户
candyso + 关注,上海,关注 0,粉丝 0,获赞 0,注册时间：2017-12-08,普通用户
與 + 关注,莆田,关注 0,粉丝 0,获赞 1,注册时间：2018-08-17,普通用户
勇敢出色呼嗷蝌 + 关注,深圳,关注 0,粉丝 0,获赞 5,注册时间：2017-06-07,普通用户
温翠儀 + 关注,深圳,关注 42,粉丝 5,获赞 23,注册时间：2023-04-06,普通用户
卡琦比 + 关注,香港,关注 0,粉丝 0,获赞 0,注册时间：2023-09-24,普通用户
优秀开朗嘎嘎龙 + 关注,三门峡,关注 0,粉丝 0,获赞 0,注册时间：2018-07-30,普通用户
少女没有腰 + 关注,深圳,关注 0,粉丝 2,获赞 2,注册时间：2015-12-30,普通用户
康辉旅游璇 + 关注,邵阳,关注 0,粉丝 0,获赞 0,注册时间：2018-06-14,普通用户
礼智真诚的小晴 + 关注,上海,关注 0,粉丝 0,获赞 0,注册时间：2024-07-24,普通用户
专业清雅隆隆狗 + 关注,上海,关注 0,粉丝 0,获赞 1,注册时间：2017-12-24,普通用户
SHANICE55 + 关注,上海,关注 331,粉丝 7,获赞 52,注册时间：2015-01-27,普通用户
**沛霖* + 关注,东莞,关注 5,粉丝 10,获赞 69,注册时间：2014-07-30,vip
天真勇敢呜咽虾 + 关注,上海,关注 0,粉丝 0,获赞 0,注册时间：2023-06-10,普通用户
欣欣lili + 关注,深圳,关注 11,粉丝 4,获赞 22,注册时间：2023-02-20,vip
轻灵清澈呼噜蝌 + 关注,上海,关注 0,粉丝 0,获赞 0,注册时间：2021-12-12,普通用户
熊丽凤 + 关注,上海,关注 0,粉丝 0,获赞 0,注册时间：2023-04-08,普通用户
Jocelyn_1267 + 关注,上海,关注 8,粉丝 8,获赞 0,注册时间：2017-06-14,普通用户
婷 + 关注,上海,关注 1,粉丝 0,获赞 1,注册时间：2019-03-23,普通用户
Wynner健仔 + 关注,香港,关注 3,粉丝 1,获赞 1,注册时间：2019-06-07,普通用户
善义幸福的小阳 + 关注,深圳,关注 0,粉丝 0,获赞 1,注册时间：2018-10-17,普通用户
谦谦俊秀的小观 + 关注,上海,关注 0,粉丝 0,获赞 0,注册时间：2016-02-07,普通用户
睿眼豁达咔嗒鹿 + 关注,北京,关注 0,粉丝 0,获赞 0,注册时间：2017-11-11,普通用户
时间煮雨_5790 + 关注,太原,关注 0,粉丝 0,获赞 0,注册时间：2015-03-14,普通用户
慧贤有才的小易 + 关注,东莞,关注 0,粉丝 0,获赞 0,注册时间：2024-07-18,普通用户
VictorLuk + 关注,香港,关注 2,粉丝 1,获赞 2,注册时间：2023-06-09,普通用户
Smilezi + 关注,深圳,关注 1,粉丝 1,获赞 0,注册时间：2011-04-14,普通用户
zz + 关注,上海,关注 0,粉丝 0,获赞 0,注册时间：2024-04-27,普通用户
清爽幸福呼啸狗 + 关注,滁州,关注 0,粉丝 0,获赞 0,注册时间：2021-06-08,普通用户
仁善谦虚的小凤 + 关注,东莞,关注 0,粉丝 0,获赞 7,注册时间：2018-05-07,普通用户
陈平123456 + 关注,深圳,关注 0,粉丝 2,获赞 1,注册时间：2012-08-07,普通用户
睿俊真心的小方 + 关注,深圳,关注 0,粉丝 0,获赞 0,注册时间：2017-01-20,普通用户
爱吃韩式烤肉的安东尼 + 关注,深圳,关注 0,粉丝 0,获赞 0,注册时间：2024-06-08,普通用户
坚强美好嘟嘟蛇 + 关注,深圳,关注 0,粉丝 0,获赞 1,注册时间：2021-06-05,普通用户
有爱清澈咕吱鱼 + 关注,深圳,关注 1,粉丝 0,获赞 0,注册时间：2021-11-27,普通用户
楠 + 关注,深圳,关注 0,粉丝 0,获赞 1,注册时间：2018-01-21,普通用户
嘿。_4102 + 关注,宜春,关注 0,粉丝 0,获赞 0,注册时间：2017-11-24,普通用户
靛蓝色嘴巴的钢蓝色大象 + 关注,惠州,关注 0,粉丝 0,获赞 0,注册时间：2019-02-05,普通用户
LAM + 关注,深圳,关注 0,粉丝 0,获赞 2,注册时间：2019-05-04,普通用户
俊俊清新的小韩 + 关注,上海,关注 0,粉丝 0,获赞 0,注册时间：2017-12-25,普通用户
大黑爷 + 关注,深圳,关注 9,粉丝 8,获赞 7,注册时间：2014-10-02,普通用户
璀璨踏实嘟嘟虎 + 关注,深圳,关注 0,粉丝 0,获赞 2,注册时间：2017-12-17,普通用户
明德真诚的小史 + 关注,深圳,关注 0,粉丝 0,获赞 0,注册时间：2022-05-14,普通用户
四月芳菲886 + 关注,深圳,关注 0,粉丝 0,获赞 0,注册时间：2014-06-13,普通用户
忠德勤俭的小谢 + 关注,深圳,关注 0,粉丝 0,获赞 0,注册时间：2020-10-30,普通用户
谦义豁达的小奚 + 关注,上海,关注 0,粉丝 0,获赞 0,注册时间：2015-09-16,普通用户
清香温柔嘎咚虎 + 关注,长春,关注 0,粉丝 0,获赞 0,注册时间：2017-12-16,普通用户
clover_2576 + 关注,深圳,关注 3,粉丝 3,获赞 0,注册时间：2014-10-24,普通用户
Ting20030416 + 关注,和平县,关注 34,粉丝 34,获赞 0,注册时间：2016-02-02,普通用户
啊杰呐 + 关注,玉林,关注 2,粉丝 2,获赞 0,注册时间：2017-04-05,普通用户
Sudybaby + 关注,上海,关注 0,粉丝 2,获赞 0,注册时间：2014-12-04,普通用户
能干诚实嗒嗒虎 + 关注,上海,关注 0,粉丝 0,获赞 0,注册时间：2024-07-10,普通用户
小姐 + 关注,上海,关注 0,粉丝 0,获赞 0,注册时间：2015-10-23,普通用户
hare_ + 关注,深圳,关注 1,粉丝 3,获赞 7,注册时间：2006-04-23,vip
贤明聪明咕隆蝠 + 关注,上海,关注 0,粉丝 0,获赞 0,注册时间：2017-12-03,普通用户
烟白色眼睛的桔黄色凤凰 + 关注,上海,关注 1,粉丝 0,获赞 0,注册时间：2023-09-19,普通用户
柔和勤俭咕哝蝌 + 关注,深圳,关注 0,粉丝 0,获赞 0,注册时间：2023-11-29,普通用户
不倒翁KiKi_3543 + 关注,深圳,关注 40,粉丝 17,获赞 105,注册时间：2015-03-09,普通用户
財記 + 关注,香港,关注 0,粉丝 0,获赞 0,注册时间：2024-03-03,普通用户
柔和耐心咔嚓蜂 + 关注,上海,关注 0,粉丝 0,获赞 0,注册时间：2022-07-06,普通用户
Chdrepeoxx + 关注,深圳,关注 0,粉丝 0,获赞 2,注册时间：2018-03-19,普通用户
AoATiNG + 关注,深圳,关注 0,粉丝 0,获赞 0,注册时间：2017-11-09,普通用户
张新 + 关注,深圳,关注 0,粉丝 0,获赞 0,注册时间：2022-12-05,普通用户
快乐轻灵嘻嘻蝉 + 关注,深圳,关注 0,粉丝 0,获赞 0,注册时间：2021-07-31,普通用户
huangyuanzhen + 关注,深圳,关注 7,粉丝 8,获赞 3,注册时间：2013-01-15,普通用户
勇勇活泼的小赵 + 关注,眉山,关注 0,粉丝 0,获赞 0,注册时间：2017-10-22,普通用户
高尚纯洁咕吱马 + 关注,上海,关注 0,粉丝 0,获赞 1,注册时间：2023-04-29,普通用户
在香格里拉健身的蛋炒饭 + 关注,上海,关注 0,粉丝 0,获赞 0,注册时间：2022-05-30,普通用户
小龙虾腊章鱼 + 关注,上海,关注 0,粉丝 0,获赞 0,注册时间：2024-01-10,普通用户
LiBen + 关注,上海,关注 0,粉丝 0,获赞 0,注册时间：2023-12-02,普通用户
清丽大方咕咚虎 + 关注,上海,关注 0,粉丝 0,获赞 0,注册时间：2024-01-01,普通用户
sweetzxjing + 关注,深圳,关注 6,粉丝 3,获赞 1,注册时间：2011-01-17,普通用户
嗷呜 + 关注,萍乡,关注 0,粉丝 0,获赞 0,注册时间：2017-11-14,普通用户
莂諟 + 关注,香港,关注 8,粉丝 1,获赞 23,注册时间：2017-12-19,普通用户
在雄关古道跳舞的南瓜粥 + 关注,上海,关注 0,粉丝 0,获赞 0,注册时间：2024-07-03,普通用户
黑枸杞涮蒜 + 关注,上海,关注 0,粉丝 0,获赞 0,注册时间：2021-07-26,普通用户
黑木耳煮螃蟹 + 关注,东莞,关注 0,粉丝 0,获赞 0,注册时间：2017-12-11,普通用户
Roche_limit + 关注,深圳,关注 0,粉丝 0,获赞 1,注册时间：2022-10-02,普通用户
在五台山打篮球的绿茶 + 关注,深圳,关注 0,粉丝 0,获赞 0,注册时间：2021-07-21,普通用户
梓璇 + 关注,深圳,关注 26,粉丝 2,获赞 1,注册时间：2016-05-18,普通用户
德知清香的小翠 + 关注,深圳,关注 0,粉丝 0,获赞 0,注册时间：2023-09-19,普通用户
柔和快乐咕哝蛛 + 关注,上海,关注 0,粉丝 0,获赞 0,注册时间：2021-02-24,普通用户
甜蜜睿眼咕咚狮 + 关注,深圳,关注 0,粉丝 0,获赞 0,注册时间：2016-07-23,普通用户
贤毅有才的小海 + 关注,深圳,关注 0,粉丝 0,获赞 0,注册时间：2018-09-25,普通用户
麻莉妹子 + 关注,深圳,关注 0,粉丝 0,获赞 0,注册时间：2023-07-25,普通用户
清丽踏实嘭当猴 + 关注,香港,关注 1,粉丝 0,获赞 0,注册时间：2023-03-09,普通用户
苏梓_7030 + 关注,深圳,关注 0,粉丝 0,获赞 0,注册时间：2016-10-08,普通用户
唐 + 关注,深圳,关注 0,粉丝 0,获赞 0,注册时间：2023-06-06,普通用户
朴实睿眼哝哝猴 + 关注,上海,关注 0,粉丝 0,获赞 0,注册时间：2024-03-05,普通用户
Ivanwong + 关注,上海,关注 0,粉丝 0,获赞 0,注册时间：2023-11-24,普通用户
裕浓_8809 + 关注,深圳,关注 6,粉丝 6,获赞 4,注册时间：2017-04-30,普通用户
美好灵活咔嗒鸟 + 关注,上海,关注 2,粉丝 0,获赞 0,注册时间：2017-11-10,普通用户
礼善勤俭的小姜 + 关注,深圳,关注 0,粉丝 0,获赞 0,注册时间：2023-07-16,普通用户
庄先生的Kiki吖 + 关注,深圳,关注 4,粉丝 12,获赞 114,注册时间：2017-06-19,普通用户
忠勇英俊的小鲁 + 关注,深圳,关注 0,粉丝 0,获赞 0,注册时间：2024-06-28,普通用户
Original吧 + 关注,吉安,关注 0,粉丝 0,获赞 0,注册时间：2017-09-25,普通用户
Joanna_7126 + 关注,深圳,关注 22,粉丝 28,获赞 26,注册时间：2014-09-06,vip
贤俊睿眼的小范 + 关注,牡丹江,关注 0,粉丝 0,获赞 0,注册时间：2019-09-17,普通用户
俊德清幽的小唐 + 关注,泉州,关注 0,粉丝 0,获赞 0,注册时间：2018-12-19,普通用户
Pei + 关注,上海,关注 21,粉丝 34,获赞 1,注册时间：2017-12-23,普通用户
Kyla_hkfoodie + 关注,香港,关注 1,粉丝 4,获赞 37,注册时间：2022-05-03,vip
一粒芒果 + 关注,上海,关注 1,粉丝 2,获赞 11,注册时间：2017-12-24,普通用户
水果糖 + 关注,上海,关注 0,粉丝 0,获赞 0,注册时间：2023-08-03,普通用户
RebeccaLui + 关注,中山,关注 0,粉丝 0,获赞 0,注册时间：2023-05-19,普通用户
苡沫 + 关注,商洛,关注 0,粉丝 0,获赞 0,注册时间：2021-06-30,普通用户
热情高尚呼嗷蚕 + 关注,湛江,关注 0,粉丝 0,获赞 0,注册时间：2017-04-26,普通用户
黄偉良 + 关注,香港,关注 0,粉丝 1,获赞 0,注册时间：2018-05-28,普通用户
在长江三峡跑步的葡萄 + 关注,深圳,关注 0,粉丝 0,获赞 0,注册时间：2020-06-20,普通用户
忠诚出色呼嗷猴 + 关注,珠海,关注 0,粉丝 0,获赞 0,注册时间：2023-06-12,普通用户
海鸭蛋烫木耳 + 关注,丽水,关注 0,粉丝 0,获赞 0,注册时间：2018-12-14,普通用户
阿白 + 关注,上海,关注 0,粉丝 0,获赞 0,注册时间：2021-12-12,普通用户
红糖油泼香糟 + 关注,台州,关注 0,粉丝 0,获赞 0,注册时间：2018-01-25,普通用户
阿泽_6690 + 关注,深圳,关注 5,粉丝 1,获赞 2,注册时间：2016-05-29,普通用户
柔和聪慧隆隆猴 + 关注,中山,关注 0,粉丝 0,获赞 0,注册时间：2023-03-15,普通用户
雄美有爱的小倪 + 关注,上海,关注 0,粉丝 0,获赞 0,注册时间：2019-10-21,普通用户
maggie4656 + 关注,深圳,关注 0,粉丝 2,获赞 1,注册时间：2013-05-17,普通用户
传说中的汪大侠**** + 关注,上海,关注 0,粉丝 5,获赞 0,注册时间：2014-08-08,普通用户
欧密罗的胡必烈 + 关注,南京,关注 4,粉丝 5,获赞 122,注册时间：2018-07-16,vip
德德轻快的小傅 + 关注,深圳,关注 0,粉丝 0,获赞 0,注册时间：2023-04-30,普通用户
JoJo + 关注,上海,关注 0,粉丝 0,获赞 0,注册时间：2024-01-05,普通用户
活泼真诚嘎咚狼 + 关注,深圳,关注 5,粉丝 1,获赞 2,注册时间：2018-09-29,普通用户
枫琅天陵 + 关注,上海,关注 0,粉丝 0,获赞 0,注册时间：2018-01-21,普通用户
谦义轻灵的小莉 + 关注,智利,关注 1,粉丝 0,获赞 1,注册时间：2016-11-13,普通用户
扇贝烤小麦 + 关注,桂林,关注 0,粉丝 0,获赞 0,注册时间：2014-11-22,普通用户
MEI + 关注,深圳,关注 4,粉丝 3,获赞 19,注册时间：2016-08-04,普通用户
小羊 + 关注,广州,关注 0,粉丝 0,获赞 2,注册时间：2015-10-15,普通用户
Hung + 关注,厦门,关注 0,粉丝 0,获赞 1,注册时间：2023-08-03,普通用户
ASD95 + 关注,深圳,关注 4,粉丝 7,获赞 3,注册时间：2010-11-16,普通用户
善俊大方的小易 + 关注,上海,关注 0,粉丝 0,获赞 0,注册时间：2023-03-18,普通用户
yyyy. + 关注,上海,关注 1,粉丝 1,获赞 0,注册时间：2022-07-27,普通用户
隐忍的吃货 + 关注,深圳,关注 157,粉丝 160,获赞 42,注册时间：2016-05-15,普通用户
一只贪吃鱼 + 关注,深圳,关注 3,粉丝 16,获赞 405,注册时间：2015-03-29,vip
吴忠革 + 关注,深圳,关注 0,粉丝 1,获赞 0,注册时间：2016-03-25,普通用户
A0*末颜(友信) + 关注,南宁,关注 0,粉丝 0,获赞 0,注册时间：2016-12-09,普通用户
真忠清雅的小晓 + 关注,上海,关注 0,粉丝 0,获赞 0,注册时间：2024-06-18,普通用户
正虹吸 + 关注,深圳,关注 1,粉丝 0,获赞 0,注册时间：2023-04-08,普通用户
胡萝卜煮玫瑰花茶 + 关注,香港,关注 0,粉丝 3,获赞 12,注册时间：2023-07-03,vip
美丽美好隆隆蝉 + 关注,深圳,关注 0,粉丝 0,获赞 0,注册时间：2017-10-04,普通用户
海参炖昆布 + 关注,上海,关注 0,粉丝 0,获赞 0,注册时间：2024-04-01,普通用户
晴天 + 关注,上海,关注 0,粉丝 0,获赞 15,注册时间：2015-06-17,普通用户
诚实大方呜咽猴 + 关注,深圳,关注 0,粉丝 0,获赞 0,注册时间：2018-01-27,普通用户
贤明开朗的小萧 + 关注,上海,关注 0,粉丝 0,获赞 0,注册时间：2021-04-02,普通用户
在竹苑看书的煎牛排 + 关注,深圳,关注 0,粉丝 0,获赞 0,注册时间：2021-02-07,普通用户
秋葵腌咖啡粉 + 关注,肇庆,关注 2,粉丝 0,获赞 0,注册时间：2018-01-25,普通用户
150160cn + 关注,深圳,关注 0,粉丝 1,获赞 0,注册时间：2007-09-04,普通用户
是小言呐 + 关注,吉安,关注 0,粉丝 1,获赞 0,注册时间：2018-06-25,普通用户
靛色眼睛的赭色仙鹤 + 关注,上海,关注 0,粉丝 0,获赞 0,注册时间：2024-06-15,普通用户
安123456静 + 关注,深圳,关注 0,粉丝 0,获赞 0,注册时间：2013-10-30,普通用户
豬隊友 + 关注,上海,关注 1,粉丝 0,获赞 0,注册时间：2023-08-31,普通用户
岑儿 + 关注,深圳,关注 2,粉丝 0,获赞 19,注册时间：2019-03-06,普通用户
K.O.B.E._4305 + 关注,上海,关注 0,粉丝 0,获赞 0,注册时间：2015-09-13,普通用户
菲儿是吃货 + 关注,深圳,关注 367,粉丝 369,获赞 310,注册时间：2015-12-01,普通用户
王小咴_8564 + 关注,深圳,关注 10,粉丝 18,获赞 180,注册时间：2017-09-26,普通用户
璀璨真挚咕噜鹿 + 关注,南京,关注 0,粉丝 0,获赞 0,注册时间：2020-06-13,普通用户
ederkwok + 关注,香港,关注 0,粉丝 0,获赞 0,注册时间：2023-06-20,普通用户
贤明真挚咔嗒蛛 + 关注,宣城,关注 0,粉丝 0,获赞 0,注册时间：2021-10-23,普通用户
夜猫仔 + 关注,深圳,关注 0,粉丝 0,获赞 1,注册时间：2017-07-02,普通用户
清新热情呼呼蚊 + 关注,昆明,关注 0,粉丝 0,获赞 0,注册时间：2017-12-04,普通用户
李樹鵬香港保誠保險 + 关注,香港,关注 0,粉丝 0,获赞 1,注册时间：2023-08-13,普通用户
LVLV呀 + 关注,深圳,关注 0,粉丝 46,获赞 1129,注册时间：2015-07-23,vip
爱吃荷包蛋 + 关注,无锡,关注 0,粉丝 0,获赞 0,注册时间：2019-06-06,普通用户
美丽果宝 + 关注,深圳,关注 0,粉丝 0,获赞 2,注册时间：2013-06-25,普通用户
谦虚真心呼呼蟹 + 关注,深圳,关注 0,粉丝 0,获赞 0,注册时间：2023-04-05,普通用户
痞子张力 + 关注,深圳,关注 0,粉丝 0,获赞 0,注册时间：2013-10-27,普通用户
在翼龙山撸猫的炒花菜 + 关注,上海,关注 0,粉丝 0,获赞 0,注册时间：2023-01-17,普通用户
Bonny李先生 + 关注,上海,关注 0,粉丝 0,获赞 0,注册时间：2017-12-13,普通用户
刚善出色的小爽 + 关注,肇庆,关注 0,粉丝 0,获赞 0,注册时间：2017-10-29,普通用户
呵呵笑 + 关注,香港,关注 2,粉丝 0,获赞 7,注册时间：2015-05-31,普通用户
清幽优秀呼呼蝠 + 关注,上海,关注 0,粉丝 0,获赞 0,注册时间：2018-01-20,普通用户
范范爱吃饭饭w + 关注,北京,关注 5,粉丝 57,获赞 121,注册时间：2015-02-22,普通用户
靥靥 + 关注,深圳,关注 0,粉丝 0,获赞 0,注册时间：2016-03-07,普通用户
雄忠聪明的小云 + 关注,上海,关注 0,粉丝 0,获赞 0,注册时间：2023-04-15,普通用户
lily儿杨 + 关注,深圳,关注 0,粉丝 1,获赞 0,注册时间：2015-02-01,普通用户
薛晓敬xxj + 关注,深圳,关注 1,粉丝 0,获赞 2,注册时间：2013-10-06,vip
刚善善良的小澜 + 关注,深圳,关注 0,粉丝 0,获赞 0,注册时间：2014-11-09,普通用户
幽默 + 关注,上海,关注 0,粉丝 0,获赞 0,注册时间：2016-03-14,普通用户
HAO + 关注,武汉,关注 0,粉丝 0,获赞 1,注册时间：2018-12-15,普通用户
饭桌小旋风v + 关注,衡阳,关注 0,粉丝 0,获赞 1,注册时间：2016-04-28,普通用户
Siuli255 + 关注,香港,关注 2,粉丝 1,获赞 2,注册时间：2023-08-23,普通用户
点小评4641524005 + 关注,深圳,关注 0,粉丝 0,获赞 0,注册时间：2024-06-04,普通用户
小鱼学妹 + 关注,武汉,关注 0,粉丝 0,获赞 0,注册时间：2021-09-22,普通用户
点小评5258260218 + 关注,岳阳,关注 0,粉丝 0,获赞 0,注册时间：2017-05-10,普通用户
韦新华12月20号泰国6天 + 关注,深圳,关注 0,粉丝 0,获赞 0,注册时间：2017-01-04,普通用户
活泼俊秀咔嚓蟾 + 关注,东莞,关注 0,粉丝 0,获赞 0,注册时间：2024-02-22,普通用户
SMYLo卢兒 + 关注,上海,关注 2,粉丝 0,获赞 0,注册时间：2024-02-29,普通用户
小麻薯 + 关注,深圳,关注 0,粉丝 0,获赞 1,注册时间：2023-03-05,普通用户
星瞳 + 关注,深圳,关注 11,粉丝 8,获赞 301,注册时间：2014-05-09,vip
小樂樂的打手 + 关注,汕头,关注 1,粉丝 5,获赞 155,注册时间：2017-05-09,普通用户
Ellllllly + 关注,深圳,关注 87,粉丝 44,获赞 648,注册时间：2017-09-25,普通用户
愛躺平 + 关注,深圳,关注 0,粉丝 0,获赞 1,注册时间：2023-04-09,普通用户
Penny + 关注,深圳,关注 0,粉丝 0,获赞 2,注册时间：2016-07-04,vip
samson + 关注,上海,关注 3,粉丝 0,获赞 0,注册时间：2023-12-23,普通用户
西兰花干煸鸭肉 + 关注,深圳,关注 0,粉丝 0,获赞 0,注册时间：2017-11-14,普通用户
信仁开朗的小宝 + 关注,深圳,关注 0,粉丝 0,获赞 0,注册时间：2022-11-24,普通用户
颜君Angel + 关注,深圳,关注 0,粉丝 0,获赞 4,注册时间：2013-07-18,普通用户
Arkcia + 关注,上海,关注 0,粉丝 0,获赞 0,注册时间：2016-02-07,普通用户
五月 + 关注,深圳,关注 0,粉丝 2,获赞 25,注册时间：2017-02-10,vip
迪丶_758 + 关注,上海,关注 2,粉丝 3,获赞 0,注册时间：2016-01-01,普通用户
Zzz + 关注,韶关,关注 0,粉丝 0,获赞 0,注册时间：2018-09-15,普通用户
林墨可 + 关注,韶关,关注 0,粉丝 0,获赞 0,注册时间：2019-03-31,普通用户
【已注销用户】 + 关注,南宁,关注 0,粉丝 0,获赞 0,注册时间：2020-12-08,普通用户
是你来晚了 + 关注,宜昌,关注 12,粉丝 7,获赞 83,注册时间：2023-02-17,普通用户
karin + 关注,深圳,关注 64,粉丝 104,获赞 316,注册时间：2014-10-31,vip
絲絲甜絲絲 + 关注,香港,关注 1,粉丝 0,获赞 0,注册时间：2023-07-18,普通用户
豚主任 + 关注,上海,关注 0,粉丝 0,获赞 0,注册时间：2021-11-06,普通用户
绵绵是个吃货 + 关注,成都,关注 0,粉丝 9,获赞 0,注册时间：2014-07-30,普通用户
Joe + 关注,上海,关注 0,粉丝 0,获赞 0,注册时间：2023-11-13,普通用户
豁达纯情呼嘘蝉 + 关注,深圳,关注 0,粉丝 0,获赞 1,注册时间：2017-05-21,普通用户
夏之雪_90 + 关注,哈尔滨,关注 6,粉丝 3,获赞 26,注册时间：2016-02-23,vip
美慧帅气的小余 + 关注,揭阳,关注 0,粉丝 0,获赞 0,注册时间：2017-06-20,普通用户
在银滩摇晃的煎饺 + 关注,深圳,关注 0,粉丝 0,获赞 0,注册时间：2020-05-08,普通用户
t + 关注,宜昌,关注 0,粉丝 0,获赞 1,注册时间：2019-11-14,普通用户
黄楠楠_3546 + 关注,汕尾,关注 0,粉丝 0,获赞 2,注册时间：2016-06-18,普通用户
強 + 关注,香港,关注 1,粉丝 2,获赞 5,注册时间：2023-06-27,普通用户
可爱清澈唧唧猪 + 关注,东莞,关注 0,粉丝 0,获赞 1,注册时间：2018-12-12,普通用户
小雨_1559 + 关注,上海,关注 0,粉丝 0,获赞 0,注册时间：2015-09-12,普通用户
鱼焉 + 关注,深圳,关注 3,粉丝 0,获赞 9,注册时间：2016-11-18,普通用户
LRXTX + 关注,深圳,关注 3,粉丝 2,获赞 7,注册时间：2012-01-10,普通用户
520k + 关注,广州,关注 0,粉丝 0,获赞 0,注册时间：2018-02-07,普通用户
LUCK_2289 + 关注,深圳,关注 12,粉丝 0,获赞 0,注册时间：2015-12-14,普通用户
清幽迷人呼啸虎 + 关注,湛江,关注 0,粉丝 0,获赞 0,注册时间：2022-01-13,普通用户
贤明纯真嘀嗒狗 + 关注,上海,关注 0,粉丝 0,获赞 0,注册时间：2020-12-11,普通用户
钢蓝色耳朵的黄色刺猬 + 关注,深圳,关注 0,粉丝 0,获赞 0,注册时间：2023-08-12,普通用户
*_cylan + 关注,深圳,关注 9,粉丝 8,获赞 3,注册时间：2015-03-17,普通用户
SangoChen + 关注,福州,关注 0,粉丝 0,获赞 1,注册时间：2013-09-05,普通用户
乳酸菌喔噢喔 + 关注,深圳,关注 0,粉丝 3,获赞 64,注册时间：2015-10-26,vip
牛奶焖陈醋 + 关注,上海,关注 0,粉丝 0,获赞 0,注册时间：2017-11-28,普通用户
知信谨慎的小飞 + 关注,深圳,关注 0,粉丝 0,获赞 0,注册时间：2023-06-08,普通用户
活泼清新呜咽蚊 + 关注,深圳,关注 0,粉丝 0,获赞 0,注册时间：2016-09-19,普通用户
t1n9 + 关注,深圳,关注 0,粉丝 0,获赞 0,注册时间：2022-01-23,普通用户
开朗幸福囔囔蛇 + 关注,汕尾,关注 0,粉丝 0,获赞 1,注册时间：2017-12-11,普通用户
有猫有狗吃东吃西 + 关注,深圳,关注 1,粉丝 1,获赞 9,注册时间：2015-02-06,普通用户
漂亮勇敢咕唧螺 + 关注,深圳,关注 0,粉丝 0,获赞 0,注册时间：2017-07-29,普通用户
小甘甘 + 关注,深圳,关注 0,粉丝 0,获赞 0,注册时间：2024-04-04,普通用户
礼知璀璨的小萧 + 关注,深圳,关注 1,粉丝 0,获赞 0,注册时间：2018-01-22,普通用户
原来是你呀 + 关注,南昌,关注 0,粉丝 0,获赞 0,注册时间：2017-11-14,普通用户
甜蜜纯真嗒嗒牛 + 关注,信阳,关注 0,粉丝 0,获赞 0,注册时间：2019-09-22,普通用户
明贤英俊的小冯 + 关注,上海,关注 0,粉丝 0,获赞 1,注册时间：2016-02-09,普通用户
May_997971 + 关注,深圳,关注 0,粉丝 0,获赞 0,注册时间：2016-08-25,普通用户
慕蓝_1643 + 关注,深圳,关注 21,粉丝 20,获赞 0,注册时间：2015-02-06,普通用户
仁刚天真的小伟 + 关注,鞍山,关注 0,粉丝 0,获赞 0,注册时间：2018-07-22,普通用户
havi_6641 + 关注,深圳,关注 1,粉丝 0,获赞 2,注册时间：2016-12-02,普通用户
义忠天真的小花 + 关注,娄底,关注 0,粉丝 0,获赞 0,注册时间：2017-06-10,普通用户
Gary_9573 + 关注,上海,关注 0,粉丝 0,获赞 0,注册时间：2015-10-10,普通用户
EDDIE + 关注,香港,关注 0,粉丝 0,获赞 0,注册时间：2023-10-11,普通用户
莲藕卤黄姜 + 关注,汕头,关注 0,粉丝 0,获赞 1,注册时间：2018-06-10,普通用户
kk525 + 关注,深圳,关注 0,粉丝 0,获赞 3,注册时间：2018-07-03,普通用户
德雄甜蜜的小易 + 关注,清远,关注 0,粉丝 0,获赞 0,注册时间：2017-01-20,普通用户
智刚出色的小秀 + 关注,东莞,关注 0,粉丝 0,获赞 0,注册时间：2019-11-07,普通用户
LINSUN_7957 + 关注,上海,关注 0,粉丝 1,获赞 8,注册时间：2015-09-20,普通用户
真诚聪慧嘿嘿蜻 + 关注,深圳,关注 0,粉丝 0,获赞 0,注册时间：2017-08-14,普通用户
张记雄 + 关注,上海,关注 0,粉丝 0,获赞 0,注册时间：2016-06-24,普通用户
花椒油泼莲藕 + 关注,东莞,关注 0,粉丝 0,获赞 0,注册时间：2018-10-19,普通用户
winwinlovers + 关注,深圳,关注 201,粉丝 62,获赞 62,注册时间：2010-10-12,普通用户
阿歡 + 关注,上海,关注 0,粉丝 0,获赞 0,注册时间：2023-04-11,普通用户
忠雄清幽的小海 + 关注,深圳,关注 0,粉丝 0,获赞 0,注册时间：2018-12-16,普通用户
林夕梦_4124 + 关注,上海,关注 2,粉丝 2,获赞 0,注册时间：2015-02-06,普通用户
小毛不想跑步 + 关注,上海,关注 0,粉丝 0,获赞 0,注册时间：2016-02-08,普通用户
善慧开朗的小华 + 关注,香港,关注 0,粉丝 0,获赞 0,注册时间：2018-09-09,普通用户
敏 + 关注,上海,关注 0,粉丝 0,获赞 1,注册时间：2023-10-07,普通用户
糯敏糍不是糯米糍 + 关注,上海,关注 0,粉丝 0,获赞 3,注册时间：2015-03-28,普通用户
漂亮坚强哇呀蚁 + 关注,广州,关注 0,粉丝 0,获赞 0,注册时间：2017-10-08,普通用户
Annie + 关注,佛山,关注 1,粉丝 0,获赞 0,注册时间：2023-08-16,普通用户
茂猫毛冒 + 关注,深圳,关注 0,粉丝 0,获赞 0,注册时间：2016-12-22,普通用户
明勇勤俭的小刘 + 关注,深圳,关注 0,粉丝 0,获赞 0,注册时间：2017-12-15,普通用户
贤明开朗咕唧蚕 + 关注,深圳,关注 0,粉丝 0,获赞 0,注册时间：2021-08-18,普通用户
doris_7890 + 关注,深圳,关注 0,粉丝 2,获赞 0,注册时间：2016-07-13,普通用户
Vian98888 + 关注,深圳,关注 24,粉丝 25,获赞 9,注册时间：2012-03-17,普通用户
深紫色眼睛的靛蓝色豹子 + 关注,汕头,关注 0,粉丝 0,获赞 0,注册时间：2017-12-02,普通用户
精致的美羊羊桑 + 关注,中山,关注 0,粉丝 0,获赞 1,注册时间：2023-02-11,普通用户
在枫叶谷健身的煎饺 + 关注,深圳,关注 0,粉丝 0,获赞 0,注册时间：2023-08-14,普通用户
知礼谨慎的小空 + 关注,绍兴,关注 0,粉丝 0,获赞 0,注册时间：2021-11-09,普通用户
C. + 关注,茂名,关注 0,粉丝 0,获赞 0,注册时间：2020-05-17,普通用户
木瓜焖娃娃菜 + 关注,深圳,关注 0,粉丝 0,获赞 0,注册时间：2023-10-13,普通用户
璀璨坚强哝哝鹰 + 关注,上海,关注 0,粉丝 0,获赞 0,注册时间：2015-10-31,普通用户
朴实迷人呼嘘蝌 + 关注,深圳,关注 0,粉丝 0,获赞 0,注册时间：2017-11-06,普通用户
启帆体育·游泳俱乐部 + 关注,惠州,关注 0,粉丝 0,获赞 0,注册时间：2018-07-17,普通用户
菓菓玫瑰 + 关注,深圳,关注 0,粉丝 2,获赞 0,注册时间：2016-01-21,普通用户
政毅妈妈 + 关注,阜阳,关注 1,粉丝 0,获赞 0,注册时间：2016-06-26,普通用户
贤睿轻柔的小鲍 + 关注,东莞,关注 0,粉丝 0,获赞 0,注册时间：2016-03-27,普通用户
茉莉_350494 + 关注,深圳,关注 1,粉丝 1,获赞 11,注册时间：2014-11-22,普通用户
谦贤诚信的小宇 + 关注,清远,关注 0,粉丝 0,获赞 0,注册时间：2016-10-28,普通用户
Ruan_3035 + 关注,惠州,关注 0,粉丝 0,获赞 0,注册时间：2017-02-18,普通用户
柔和俊秀咕咚蝌 + 关注,广州,关注 0,粉丝 0,获赞 0,注册时间：2018-12-09,普通用户
大叔丫头耶 + 关注,深圳,关注 110,粉丝 114,获赞 0,注册时间：2014-08-12,普通用户
Young + 关注,深圳,关注 0,粉丝 0,获赞 0,注册时间：2019-05-27,普通用户
白色嘴巴的暗红色鸽子 + 关注,上海,关注 0,粉丝 0,获赞 0,注册时间：2017-12-05,普通用户
梦之秋恋 + 关注,深圳,关注 4,粉丝 4,获赞 9,注册时间：2016-01-08,普通用户
俊信美好的小芳 + 关注,上海,关注 0,粉丝 0,获赞 0,注册时间：2016-02-08,普通用户
暗红色嘴巴的铜色狗狗 + 关注,深圳,关注 0,粉丝 0,获赞 0,注册时间：2018-12-17,普通用户
flypigpeng + 关注,深圳,关注 1,粉丝 5,获赞 205,注册时间：2016-03-07,vip
蛤蜊干煸花茶 + 关注,上海,关注 0,粉丝 0,获赞 0,注册时间：2015-03-16,普通用户
轻柔帅气嘿嘿蝌 + 关注,上海,关注 0,粉丝 0,获赞 0,注册时间：2017-12-15,普通用户
atlantis + 关注,上海,关注 0,粉丝 0,获赞 0,注册时间：2019-09-26,普通用户
軒 + 关注,香港,关注 3,粉丝 0,获赞 0,注册时间：2019-01-10,普通用户
在黄果树打篮球的凉皮 + 关注,河源,关注 3,粉丝 3,获赞 69,注册时间：2021-10-23,vip
Oliverlay + 关注,上海,关注 8,粉丝 7,获赞 49,注册时间：2014-11-30,普通用户
聪慧清丽呱唧鹿 + 关注,汕头,关注 0,粉丝 0,获赞 4,注册时间：2017-07-28,普通用户
LISA_XU—2001 + 关注,深圳,关注 1,粉丝 0,获赞 0,注册时间：2016-08-18,普通用户
快乐精明咕唧蛛 + 关注,深圳,关注 0,粉丝 0,获赞 1,注册时间：2017-11-21,普通用户
劳俊儒 + 关注,深圳,关注 0,粉丝 1,获赞 2,注册时间：2016-04-01,普通用户
俊秀英俊嘻嘻羊 + 关注,上海,关注 0,粉丝 0,获赞 0,注册时间：2023-03-21,普通用户
黄豆烫生菜 + 关注,广州,关注 2,粉丝 0,获赞 1,注册时间：2023-07-15,普通用户
萝卜丝炝拌西瓜籽 + 关注,深圳,关注 0,粉丝 0,获赞 0,注册时间：2021-05-18,普通用户
紫色眼睛的暗青色豺狼 + 关注,怀化,关注 0,粉丝 0,获赞 0,注册时间：2022-07-09,普通用户
谦善机智的小爽 + 关注,揭阳,关注 0,粉丝 0,获赞 0,注册时间：2016-07-24,普通用户
仁雄灵活的小蒋 + 关注,上海,关注 0,粉丝 0,获赞 2,注册时间：2014-12-02,普通用户
芥末粉干煸泡菜 + 关注,黄冈,关注 0,粉丝 0,获赞 0,注册时间：2018-05-29,普通用户
京泽妈 + 关注,深圳,关注 0,粉丝 1,获赞 0,注册时间：2015-07-28,普通用户
tt1212rocketmail.co + 关注,深圳,关注 0,粉丝 0,获赞 0,注册时间：2023-11-15,普通用户
Lisahuang_4027 + 关注,深圳,关注 0,粉丝 0,获赞 0,注册时间：2016-05-26,普通用户
赭色鼻子的钢蓝色鹈鹕 + 关注,深圳,关注 1,粉丝 0,获赞 3,注册时间：2021-08-23,普通用户
睿刚耐心的小唐 + 关注,深圳,关注 0,粉丝 0,获赞 0,注册时间：2016-09-01,普通用户
在非常山徜徉的红酒 + 关注,上海,关注 0,粉丝 2,获赞 0,注册时间：2016-02-26,普通用户
ALiz金融顾问 + 关注,深圳,关注 0,粉丝 0,获赞 0,注册时间：2024-03-16,vip
foonfoonso + 关注,香港,关注 3,粉丝 3,获赞 1,注册时间：2015-11-08,普通用户
在布达拉宫漫步的绿豆 + 关注,吉安,关注 0,粉丝 0,获赞 0,注册时间：2023-12-02,普通用户
爱吃油炸鬼的小通 + 关注,广州,关注 0,粉丝 0,获赞 0,注册时间：2017-01-15,普通用户
策 + 关注,上海,关注 0,粉丝 0,获赞 0,注册时间：2017-12-07,普通用户
在灵岩寺睡觉的白菜 + 关注,广州,关注 0,粉丝 0,获赞 0,注册时间：2016-11-25,普通用户
汪喵汪喵汪 + 关注,深圳,关注 18,粉丝 11,获赞 153,注册时间：2011-07-08,vip
shidu66 + 关注,深圳,关注 137,粉丝 136,获赞 5,注册时间：2012-08-22,普通用户
sonnycwd + 关注,深圳,关注 28,粉丝 38,获赞 1008,注册时间：2014-09-11,vip
信善璀璨的小罕 + 关注,珠海,关注 0,粉丝 0,获赞 0,注册时间：2016-05-13,普通用户
雄谦迷人的小海 + 关注,深圳,关注 0,粉丝 0,获赞 0,注册时间：2023-05-24,普通用户
俊勇清丽的小冰 + 关注,深圳,关注 0,粉丝 0,获赞 0,注册时间：2024-03-30,普通用户
牛肉腊辣酱 + 关注,深圳,关注 0,粉丝 0,获赞 3,注册时间：2018-05-25,普通用户
琉璃 + 关注,深圳,关注 0,粉丝 1,获赞 0,注册时间：2014-06-30,普通用户
漪枝猫 + 关注,深圳,关注 0,粉丝 0,获赞 0,注册时间：2018-03-07,普通用户
YF86 + 关注,深圳,关注 0,粉丝 0,获赞 0,注册时间：2017-11-20,普通用户
qdwzd + 关注,深圳,关注 574,粉丝 372,获赞 6023,注册时间：2014-12-27,vip
有爱纯情哇呀牛 + 关注,深圳,关注 0,粉丝 0,获赞 0,注册时间：2017-10-02,普通用户
eddy.zhu朱学军 + 关注,上海,关注 0,粉丝 2,获赞 0,注册时间：2015-10-24,普通用户
小蜜蜂 + 关注,深圳,关注 0,粉丝 0,获赞 0,注册时间：2017-12-24,普通用户
晓鱼 + 关注,深圳,关注 0,粉丝 0,获赞 4,注册时间：2017-05-11,普通用户
睿知朴实的小天 + 关注,深圳,关注 0,粉丝 0,获赞 0,注册时间：2017-12-22,普通用户
芬 + 关注,香港,关注 0,粉丝 0,获赞 0,注册时间：2023-07-01,普通用户
grace_yakio1 + 关注,深圳,关注 0,粉丝 0,获赞 0,注册时间：2012-10-28,普通用户
风正一帆悬_8903 + 关注,深圳,关注 61,粉丝 63,获赞 0,注册时间：2015-02-06,普通用户
干辣椒煲奶油 + 关注,上海,关注 0,粉丝 0,获赞 0,注册时间：2023-05-12,普通用户
谦德轻盈的小观 + 关注,深圳,关注 0,粉丝 0,获赞 0,注册时间：2018-01-24,普通用户
诚恳优美嘀嘀鹰 + 关注,上海,关注 0,粉丝 0,获赞 0,注册时间：2023-07-23,普通用户
梅子_979 + 关注,会昌县,关注 0,粉丝 0,获赞 0,注册时间：2015-05-08,普通用户
chenfang123456 + 关注,深圳,关注 12,粉丝 12,获赞 0,注册时间：2015-06-14,普通用户
xiang_4959 + 关注,上海,关注 0,粉丝 0,获赞 1,注册时间：2016-03-12,普通用户
酒花蒸香蕉 + 关注,珠海,关注 0,粉丝 0,获赞 0,注册时间：2017-08-13,普通用户
俊忠纯情的小尤 + 关注,德阳,关注 0,粉丝 0,获赞 0,注册时间：2017-11-11,普通用户
壮壮 + 关注,深圳,关注 0,粉丝 3,获赞 0,注册时间：2013-12-26,普通用户
秀秀 + 关注,深圳,关注 1,粉丝 0,获赞 1,注册时间：2016-02-14,普通用户
真义轻盈的小严 + 关注,上海,关注 0,粉丝 0,获赞 0,注册时间：2021-10-13,普通用户
樱桃煎卡瓦粉 + 关注,深圳,关注 0,粉丝 0,获赞 0,注册时间：2021-03-11,普通用户
火腿肠灼章鱼 + 关注,广州,关注 0,粉丝 0,获赞 2,注册时间：2018-01-23,vip
清丽璀璨呼噜龙 + 关注,昆明,关注 0,粉丝 0,获赞 0,注册时间：2023-07-08,普通用户
曹晓东_9664 + 关注,深圳,关注 21,粉丝 21,获赞 1,注册时间：2014-10-31,普通用户
纯情耐心咔嗒鸟 + 关注,武汉,关注 0,粉丝 0,获赞 0,注册时间：2022-11-11,普通用户
yuen + 关注,香港,关注 0,粉丝 0,获赞 0,注册时间：2023-05-14,普通用户
鸿_9587 + 关注,上海,关注 10,粉丝 12,获赞 0,注册时间：2015-10-18,普通用户
智慧有趣嘿嘿豹 + 关注,深圳,关注 0,粉丝 0,获赞 0,注册时间：2017-11-28,普通用户
睡着的肥牛. + 关注,南宁,关注 2,粉丝 1,获赞 3,注册时间：2018-07-27,普通用户
Nancy_873781 + 关注,上海,关注 0,粉丝 0,获赞 0,注册时间：2015-04-05,普通用户
在凌云岩品茶的烤鸡翅 + 关注,深圳,关注 1,粉丝 0,获赞 4,注册时间：2017-06-27,普通用户
会员6009570 + 关注,深圳,关注 0,粉丝 1,获赞 0,注册时间：2010-07-06,普通用户
allen_8880 + 关注,上海,关注 4,粉丝 3,获赞 0,注册时间：2014-06-30,普通用户
谦雄清雅的小宾 + 关注,深圳,关注 0,粉丝 1,获赞 3,注册时间：2015-01-25,普通用户
点小评1782474406 + 关注,南昌,关注 0,粉丝 0,获赞 1,注册时间：2017-11-04,普通用户
Max + 关注,上海,关注 0,粉丝 0,获赞 0,注册时间：2023-01-19,普通用户
信信清秀的小温 + 关注,上海,关注 1,粉丝 0,获赞 0,注册时间：2016-02-05,普通用户
逝水无痕_2889 + 关注,深圳,关注 0,粉丝 0,获赞 0,注册时间：2017-09-18,普通用户
热情稳重咕唧马 + 关注,深圳,关注 0,粉丝 0,获赞 0,注册时间：2017-11-09,普通用户
毛毛 + 关注,深圳,关注 619,粉丝 584,获赞 1032,注册时间：2016-08-19,vip
ananlove深圳品牌女装批发 + 关注,深圳,关注 0,粉丝 1,获赞 0,注册时间：2015-08-14,普通用户
帅气真心呼嗷马 + 关注,上海,关注 0,粉丝 0,获赞 0,注册时间：2023-11-18,普通用户
朱姨 + 关注,深圳,关注 0,粉丝 0,获赞 0,注册时间：2018-04-04,普通用户
anan_7439 + 关注,上海,关注 0,粉丝 0,获赞 0,注册时间：2015-10-22,普通用户
Yontal + 关注,深圳,关注 3,粉丝 2,获赞 9,注册时间：2015-02-06,普通用户
甜美轻柔咕咚蝌 + 关注,深圳,关注 0,粉丝 0,获赞 0,注册时间：2018-08-22,普通用户
SM-WONG + 关注,汕尾,关注 12,粉丝 12,获赞 5,注册时间：2016-04-30,普通用户
元祖天魔 + 关注,上海,关注 0,粉丝 0,获赞 0,注册时间：2023-07-16,普通用户
的神 + 关注,香港,关注 7,粉丝 0,获赞 5,注册时间：2018-06-18,普通用户
雄义清香的小褚 + 关注,上海,关注 0,粉丝 0,获赞 0,注册时间：2024-04-24,普通用户
芥末粉炝普洱茶 + 关注,深圳,关注 0,粉丝 0,获赞 0,注册时间：2017-05-15,普通用户
偷偷的吃不告诉你 + 关注,南平,关注 298,粉丝 105,获赞 75,注册时间：2019-10-09,vip
小Z + 关注,上海,关注 27,粉丝 0,获赞 0,注册时间：2023-02-09,普通用户
西红柿煲芒果 + 关注,惠州,关注 0,粉丝 0,获赞 0,注册时间：2021-07-06,普通用户
白兰地煮花椒油 + 关注,深圳,关注 3,粉丝 3,获赞 2,注册时间：2015-02-17,普通用户
贤信纯真的小宾 + 关注,广州,关注 0,粉丝 0,获赞 0,注册时间：2016-11-04,普通用户
热情英俊呜呜豹 + 关注,信阳,关注 0,粉丝 0,获赞 0,注册时间：2019-07-24,普通用户
何總 + 关注,上海,关注 0,粉丝 0,获赞 0,注册时间：2024-03-22,普通用户
Cherry喜欢吃海苔 + 关注,赣州,关注 0,粉丝 0,获赞 1,注册时间：2015-07-22,普通用户
轻快耐心呱唧蟹 + 关注,江门,关注 0,粉丝 0,获赞 0,注册时间：2016-07-12,普通用户
白箭鱼煲啤酒 + 关注,深圳,关注 2,粉丝 2,获赞 14,注册时间：2016-05-25,普通用户
甜美美好咕隆狗 + 关注,深圳,关注 1,粉丝 0,获赞 2,注册时间：2016-11-17,普通用户
源 + 关注,深圳,关注 0,粉丝 0,获赞 0,注册时间：2023-02-06,普通用户
希望 + 关注,上海,关注 0,粉丝 0,获赞 0,注册时间：2023-04-25,普通用户
礼真精明的小艳 + 关注,中山,关注 0,粉丝 0,获赞 0,注册时间：2017-12-09,普通用户
俊明真诚的小雷 + 关注,绵阳,关注 0,粉丝 0,获赞 0,注册时间：2018-12-01,普通用户
szefongfong + 关注,福鼎,关注 1,粉丝 1,获赞 0,注册时间：2015-06-15,普通用户
鱼炝章鱼 + 关注,上海,关注 0,粉丝 0,获赞 0,注册时间：2020-10-12,普通用户
Annie + 关注,南京,关注 1,粉丝 0,获赞 0,注册时间：2019-01-19,普通用户
在海坨山放风筝的青椒 + 关注,广州,关注 1,粉丝 0,获赞 1,注册时间：2018-11-05,普通用户
GxG + 关注,广州,关注 0,粉丝 0,获赞 0,注册时间：2018-01-24,普通用户
在森林公园大笑的荸荠 + 关注,上海,关注 0,粉丝 1,获赞 1,注册时间：2017-12-13,普通用户
理想国 + 关注,成都,关注 11,粉丝 3,获赞 22,注册时间：2017-06-12,普通用户
丨 + 关注,深圳,关注 9,粉丝 1,获赞 0,注册时间：2019-04-30,普通用户
善礼专业的小邦 + 关注,深圳,关注 0,粉丝 0,获赞 1,注册时间：2013-12-19,普通用户
竹兮以木兮Eva + 关注,上海,关注 0,粉丝 0,获赞 1,注册时间：2016-02-08,普通用户
砚宝宝 + 关注,深圳,关注 3732,粉丝 4170,获赞 6651,注册时间：2013-07-15,vip
出色睿眼嘿嘿蟾 + 关注,深圳,关注 0,粉丝 0,获赞 0,注册时间：2023-07-28,普通用户
谨慎优美隆隆羊 + 关注,珠海,关注 0,粉丝 0,获赞 0,注册时间：2024-03-12,普通用户
小菜鸡在学飞 + 关注,广州,关注 0,粉丝 0,获赞 0,注册时间：2015-06-22,普通用户
cease_1891 + 关注,上海,关注 0,粉丝 1,获赞 0,注册时间：2014-10-07,普通用户
liu1989919 + 关注,深圳,关注 0,粉丝 0,获赞 0,注册时间：2012-07-30,普通用户
exocanlie + 关注,深圳,关注 2,粉丝 3,获赞 0,注册时间：2013-10-16,普通用户
Tage-Tin + 关注,上海,关注 2,粉丝 2,获赞 0,注册时间：2016-08-01,普通用户
匡喜歌*你我就幸福 + 关注,深圳,关注 23,粉丝 26,获赞 4,注册时间：2014-09-12,普通用户
荳花男 + 关注,香港,关注 0,粉丝 2,获赞 4,注册时间：2023-12-27,普通用户
德鳴 + 关注,香港,关注 0,粉丝 0,获赞 0,注册时间：2023-12-08,普通用户
贤睿勤俭的小刘 + 关注,江门,关注 0,粉丝 0,获赞 0,注册时间：2017-08-25,普通用户
义雄谨慎的小宾 + 关注,深圳,关注 0,粉丝 0,获赞 0,注册时间：2020-09-09,普通用户
blue + 关注,深圳,关注 2,粉丝 0,获赞 0,注册时间：2023-04-12,普通用户
LX_5406 + 关注,上海,关注 0,粉丝 2,获赞 7,注册时间：2015-02-06,vip
墨鱼烩鱿鱼干 + 关注,成都,关注 0,粉丝 0,获赞 0,注册时间：2017-12-04,普通用户
lilychen_123qq + 关注,深圳,关注 59,粉丝 84,获赞 1254,注册时间：2014-05-08,vip
冬虫夏草炝柚子 + 关注,上海,关注 0,粉丝 0,获赞 1,注册时间：2020-11-19,普通用户
wu_楚婷 + 关注,上海,关注 0,粉丝 0,获赞 0,注册时间：2015-11-22,普通用户
明真纯情的小婉 + 关注,深圳,关注 0,粉丝 0,获赞 0,注册时间：2023-06-08,普通用户
可爱朴实嘎咚蛇 + 关注,深圳,关注 0,粉丝 0,获赞 0,注册时间：2021-08-02,普通用户
Benz_2744 + 关注,上海,关注 16,粉丝 12,获赞 1,注册时间：2015-02-25,普通用户
在五台山聊天的豆腐 + 关注,深圳,关注 0,粉丝 0,获赞 0,注册时间：2023-08-16,普通用户
szlxmm + 关注,深圳,关注 4,粉丝 3,获赞 2,注册时间：2014-05-08,普通用户
星星 + 关注,深圳,关注 0,粉丝 1,获赞 5,注册时间：2020-07-15,普通用户
芳芳_BBMM + 关注,深圳,关注 4,粉丝 3,获赞 27,注册时间：2014-03-16,普通用户
谦虚真诚咕噜猫 + 关注,泉州,关注 0,粉丝 0,获赞 0,注册时间：2023-05-21,普通用户
小苑也要喂鸟 + 关注,上海,关注 0,粉丝 0,获赞 0,注册时间：2016-08-16,普通用户
小暴暴 + 关注,深圳,关注 354,粉丝 256,获赞 3734,注册时间：2011-09-26,普通用户
清幽谨慎嘟嘟鹰 + 关注,上海,关注 0,粉丝 0,获赞 0,注册时间：2022-06-20,普通用户
黑豆煲火龙果 + 关注,深圳,关注 0,粉丝 0,获赞 0,注册时间：2018-01-26,普通用户
优秀美好呼嘘熊 + 关注,深圳,关注 0,粉丝 0,获赞 0,注册时间：2019-09-16,普通用户
贤忠轻柔的小芬 + 关注,深圳,关注 0,粉丝 0,获赞 0,注册时间：2017-11-11,普通用户
朴实轻盈呼嘘蟾 + 关注,肇庆,关注 0,粉丝 0,获赞 0,注册时间：2017-11-23,普通用户
俊秀勤奋咕吱鸟 + 关注,上海,关注 0,粉丝 0,获赞 12,注册时间：2014-07-18,普通用户
丽萨讨厌瑜伽 + 关注,深圳,关注 0,粉丝 0,获赞 0,注册时间：2023-08-06,普通用户
一只小青蛙 + 关注,深圳,关注 337,粉丝 44,获赞 305,注册时间：2017-12-13,vip
威仔_5330 + 关注,深圳,关注 0,粉丝 0,获赞 0,注册时间：2016-10-29,普通用户
dpuser_3288730886 + 关注,上海,关注 0,粉丝 0,获赞 0,注册时间：2019-08-29,普通用户
黑木耳炒花生酱 + 关注,东山县,关注 1,粉丝 0,获赞 0,注册时间：2021-02-23,普通用户
黑豆酱油泼黑咖啡 + 关注,上海,关注 0,粉丝 0,获赞 0,注册时间：2024-04-14,普通用户
慧真清新的小夏 + 关注,深圳,关注 0,粉丝 0,获赞 0,注册时间：2016-03-02,普通用户
宫崎儆瑶 + 关注,深圳,关注 0,粉丝 0,获赞 0,注册时间：2011-01-06,普通用户
在黄山遛狗的凉皮 + 关注,北京,关注 0,粉丝 0,获赞 0,注册时间：2017-04-04,普通用户
卡瓦粉拌扇贝 + 关注,深圳,关注 0,粉丝 0,获赞 0,注册时间：2023-07-22,普通用户
W~凯旋 + 关注,上海,关注 0,粉丝 0,获赞 2,注册时间：2016-01-19,普通用户
仁慧可爱的小何 + 关注,上海,关注 0,粉丝 0,获赞 0,注册时间：2017-12-07,普通用户
马伟星 + 关注,成都,关注 0,粉丝 0,获赞 0,注册时间：2017-02-22,普通用户
清香漂亮咕吱蚕 + 关注,武汉,关注 0,粉丝 0,获赞 0,注册时间：2018-01-23,普通用户
凤秋秋 + 关注,深圳,关注 0,粉丝 0,获赞 5,注册时间：2018-01-07,普通用户
诚恳勇敢哝哝蛇 + 关注,香港,关注 0,粉丝 2,获赞 0,注册时间：2014-09-27,普通用户
枣泥卤花椒 + 关注,上海,关注 0,粉丝 1,获赞 2,注册时间：2016-01-31,普通用户
ithinkso_9568 + 关注,上海,关注 0,粉丝 0,获赞 0,注册时间：2015-02-06,普通用户
楸 + 关注,深圳,关注 0,粉丝 0,获赞 0,注册时间：2020-06-13,普通用户
小孟喜欢洗头发 + 关注,上海,关注 0,粉丝 0,获赞 0,注册时间：2023-08-04,普通用户
你还欠我好多米饭^_^ + 关注,上海,关注 0,粉丝 0,获赞 0,注册时间：2014-11-22,普通用户
谦谦天真的小周 + 关注,深圳,关注 0,粉丝 0,获赞 0,注册时间：2023-05-10,普通用户
古月 + 关注,上海,关注 600,粉丝 602,获赞 281,注册时间：2024-03-22,普通用户
springshushu + 关注,深圳,关注 7,粉丝 6,获赞 50,注册时间：2011-03-05,普通用户
蒙女天涯 + 关注,深圳,关注 0,粉丝 0,获赞 1,注册时间：2012-06-02,普通用户
睿眼甜美呱呱猪 + 关注,深圳,关注 0,粉丝 0,获赞 0,注册时间：2023-06-14,普通用户
洛水 + 关注,西安,关注 104,粉丝 83,获赞 351,注册时间：2022-10-20,vip
踏实柔和嘿嘿鱼 + 关注,上海,关注 0,粉丝 0,获赞 0,注册时间：2015-11-08,普通用户
西芹炸淀粉 + 关注,深圳,关注 0,粉丝 0,获赞 0,注册时间：2017-10-04,普通用户
榴莲酱酒花 + 关注,深圳,关注 0,粉丝 0,获赞 0,注册时间：2017-06-11,普通用户
甜美专业哗啦蝌 + 关注,上海,关注 0,粉丝 0,获赞 0,注册时间：2024-02-18,普通用户
有趣清丽呼啸猫 + 关注,汕头,关注 0,粉丝 0,获赞 28,注册时间：2018-10-13,普通用户
靛色眼睛的白色麻雀 + 关注,深圳,关注 0,粉丝 0,获赞 0,注册时间：2023-05-08,普通用户
笑笑 + 关注,惠州,关注 0,粉丝 0,获赞 0,注册时间：2017-03-02,普通用户
vicky曦 + 关注,深圳,关注 49,粉丝 109,获赞 1051,注册时间：2011-09-14,vip
聪明优秀嘤嘤蟾 + 关注,上海,关注 0,粉丝 0,获赞 0,注册时间：2024-01-02,普通用户
义刚有爱的小颖 + 关注,上海,关注 0,粉丝 0,获赞 0,注册时间：2024-04-08,普通用户
CPH_5830 + 关注,上海,关注 28,粉丝 27,获赞 3,注册时间：2017-12-23,普通用户
善明甜美的小曼 + 关注,遵义,关注 0,粉丝 0,获赞 0,注册时间：2020-11-27,普通用户
活泼耐心咕嘟蚁 + 关注,深圳,关注 0,粉丝 0,获赞 0,注册时间：2020-01-01,普通用户
珍惜眼前人_4260 + 关注,上海,关注 7,粉丝 6,获赞 0,注册时间：2015-04-12,普通用户
祈安 + 关注,深圳,关注 0,粉丝 0,获赞 0,注册时间：2020-08-20,普通用户
巧克力卤豆芽 + 关注,深圳,关注 0,粉丝 0,获赞 1,注册时间：2018-06-26,普通用户
菠萝蜜拌茶叶 + 关注,深圳,关注 0,粉丝 0,获赞 0,注册时间：2015-09-15,普通用户
真睿真挚的小峰 + 关注,广州,关注 0,粉丝 0,获赞 0,注册时间：2017-12-23,普通用户
义美优雅的小司 + 关注,佛山,关注 0,粉丝 0,获赞 0,注册时间：2023-03-24,普通用户
锅锅 + 关注,湛江,关注 0,粉丝 0,获赞 0,注册时间：2014-11-18,普通用户
WalterRA + 关注,深圳,关注 47,粉丝 41,获赞 0,注册时间：2015-12-05,普通用户
阿曾飞行员 + 关注,深圳,关注 1,粉丝 0,获赞 1,注册时间：2017-12-09,普通用户
老嗨 + 关注,深圳,关注 0,粉丝 0,获赞 0,注册时间：2018-09-24,普通用户
nice + 关注,淄博,关注 0,粉丝 0,获赞 0,注册时间：2017-12-01,普通用户
专业优秀哝哝马 + 关注,上海,关注 0,粉丝 0,获赞 0,注册时间：2021-08-16,普通用户
melody_07 + 关注,深圳,关注 1,粉丝 0,获赞 0,注册时间：2012-02-22,普通用户
琪琪_984097 + 关注,深圳,关注 1,粉丝 0,获赞 0,注册时间：2016-12-15,普通用户
痛痛飞走了小天使 + 关注,哈尔滨,关注 59,粉丝 58,获赞 1,注册时间：2015-02-06,普通用户
李滔2011 + 关注,上海,关注 1,粉丝 0,获赞 0,注册时间：2015-09-18,普通用户
慕容白 + 关注,深圳,关注 0,粉丝 0,获赞 1,注册时间：2018-12-07,普通用户
清澈睿眼咔嗒螺 + 关注,深圳,关注 0,粉丝 0,获赞 0,注册时间：2014-06-18,普通用户
点燃一根煙 + 关注,上海,关注 0,粉丝 0,获赞 2,注册时间：2016-09-11,普通用户
真智真挚的小飞 + 关注,上海,关注 0,粉丝 0,获赞 0,注册时间：2016-02-27,普通用户
优美谨慎呼啸鹿 + 关注,上海,关注 0,粉丝 0,获赞 0,注册时间：2016-01-15,普通用户
豁达谦虚嘭当牛 + 关注,上海,关注 0,粉丝 0,获赞 0,注册时间：2017-11-11,普通用户
英俊璀璨呼嘘蚕 + 关注,成都,关注 0,粉丝 0,获赞 0,注册时间：2017-12-19,普通用户
温柔美好嘎嘎狮 + 关注,上海,关注 0,粉丝 0,获赞 0,注册时间：2017-12-07,普通用户
智贤有趣的小俊 + 关注,成都,关注 0,粉丝 0,获赞 0,注册时间：2023-02-14,普通用户
雄智诚实的小顾 + 关注,深圳,关注 0,粉丝 0,获赞 0,注册时间：2017-03-19,普通用户
谦虚出色咕哝蛇 + 关注,深圳,关注 0,粉丝 0,获赞 0,注册时间：2017-03-12,普通用户
香西旗袍 + 关注,深圳,关注 2,粉丝 3,获赞 8,注册时间：2018-12-19,普通用户
Yoyocheck + 关注,上海,关注 0,粉丝 0,获赞 0,注册时间：2023-03-31,普通用户
凌晨 + 关注,上海,关注 0,粉丝 0,获赞 0,注册时间：2017-12-05,普通用户
Mccree + 关注,上海,关注 0,粉丝 0,获赞 0,注册时间：2018-01-20,普通用户
聪慧柔美哇呀蛛 + 关注,深圳,关注 0,粉丝 0,获赞 1,注册时间：2017-11-04,普通用户
铁棍炖雯雯 + 关注,玉林,关注 0,粉丝 0,获赞 0,注册时间：2020-11-29,普通用户
温柔诚恳隆隆蛙 + 关注,玉林,关注 0,粉丝 0,获赞 0,注册时间：2019-05-19,普通用户
轻灵轻盈哝哝狼 + 关注,深圳,关注 0,粉丝 0,获赞 0,注册时间：2018-06-07,普通用户
紫菜酱粉条 + 关注,上海,关注 0,粉丝 0,获赞 0,注册时间：2017-12-17,普通用户
德贤天真的小冯 + 关注,深圳,关注 0,粉丝 0,获赞 0,注册时间：2019-06-26,普通用户
安德鲁讨厌喂鸟 + 关注,深圳,关注 0,粉丝 0,获赞 0,注册时间：2023-11-04,普通用户
Star + 关注,南阳,关注 0,粉丝 0,获赞 0,注册时间：2017-12-06,普通用户
luoqiuyan_6565 + 关注,深圳,关注 1,粉丝 0,获赞 0,注册时间：2015-02-13,普通用户
在贺兰山跳舞的炒饭 + 关注,上海,关注 0,粉丝 0,获赞 0,注册时间：2024-04-04,普通用户
谦虚天真哗啦猴 + 关注,深圳,关注 0,粉丝 0,获赞 0,注册时间：2018-12-14,普通用户
冬日迷情_ + 关注,深圳,关注 0,粉丝 0,获赞 1,注册时间：2019-01-23,普通用户
出色大方哗哗蚁 + 关注,深圳,关注 0,粉丝 0,获赞 0,注册时间：2023-12-23,普通用户
慧俊勤奋的小酆 + 关注,深圳,关注 0,粉丝 0,获赞 0,注册时间：2018-01-21,普通用户
豆芽红烧南瓜 + 关注,汕尾,关注 0,粉丝 0,获赞 0,注册时间：2018-07-14,普通用户
Sebastian_DENG + 关注,香港,关注 0,粉丝 0,获赞 0,注册时间：2015-07-26,普通用户
莲藕腊火腿肠 + 关注,福州,关注 0,粉丝 0,获赞 0,注册时间：2023-10-22,普通用户
睿慧诚实的小常 + 关注,深圳,关注 0,粉丝 0,获赞 0,注册时间：2017-11-21,普通用户
y小辉辉131 + 关注,深圳,关注 0,粉丝 1,获赞 0,注册时间：2013-01-26,普通用户
在青秀山拉二胡的乌贼 + 关注,上海,关注 0,粉丝 0,获赞 0,注册时间：2023-07-01,普通用户
芦笋卤香菜 + 关注,深圳,关注 0,粉丝 0,获赞 0,注册时间：2017-12-14,普通用户
趙承恩 + 关注,上海,关注 0,粉丝 0,获赞 0,注册时间：2023-11-02,普通用户
fairy214 + 关注,深圳,关注 8,粉丝 7,获赞 2,注册时间：2010-12-14,普通用户
清秀大方咕唧螺 + 关注,深圳,关注 0,粉丝 0,获赞 0,注册时间：2019-04-04,普通用户
南瓜炝拌桂圆 + 关注,广州,关注 0,粉丝 0,获赞 0,注册时间：2018-05-30,普通用户
在水一方_135262 + 关注,上海,关注 0,粉丝 1,获赞 0,注册时间：2016-02-18,普通用户
绿杨烟之外 + 关注,上海,关注 0,粉丝 0,获赞 2,注册时间：2015-09-15,普通用户
樊宝 + 关注,深圳,关注 0,粉丝 0,获赞 0,注册时间：2018-01-21,普通用户
薇薇安_3007 + 关注,上海,关注 0,粉丝 1,获赞 0,注册时间：2014-11-15,普通用户
Candy + 关注,深圳,关注 0,粉丝 0,获赞 0,注册时间：2017-12-09,普通用户
輝輝 + 关注,上海,关注 0,粉丝 0,获赞 0,注册时间：2015-08-19,普通用户
星星 + 关注,广州,关注 1,粉丝 0,获赞 0,注册时间：2019-07-01,普通用户
格雷斯坚持看日出日落 + 关注,深圳,关注 0,粉丝 0,获赞 0,注册时间：2016-03-26,普通用户
淡橙色眼睛的翠绿色鲨鱼 + 关注,深圳,关注 0,粉丝 0,获赞 0,注册时间：2018-04-11,普通用户
大蒜叶煮娃娃菜 + 关注,深圳,关注 0,粉丝 0,获赞 0,注册时间：2020-10-02,普通用户
发现爱 + 关注,昆明,关注 95,粉丝 15,获赞 243,注册时间：2014-11-07,vip
大蒜叶涮西红柿 + 关注,上海,关注 0,粉丝 0,获赞 0,注册时间：2017-12-25,普通用户
勤奋忠诚唧唧猴 + 关注,上海,关注 0,粉丝 0,获赞 0,注册时间：2023-02-25,普通用户
不熵 + 关注,深圳,关注 0,粉丝 0,获赞 0,注册时间：2018-09-07,普通用户
高尚甜美咔嗒螺 + 关注,深圳,关注 0,粉丝 0,获赞 0,注册时间：2022-08-18,普通用户
俊真轻灵的小张 + 关注,上海,关注 3,粉丝 3,获赞 0,注册时间：2015-08-14,普通用户
真挚诚实哗哗熊 + 关注,深圳,关注 0,粉丝 0,获赞 0,注册时间：2024-03-27,普通用户
清香轻灵咕咕蛙 + 关注,深圳,关注 0,粉丝 0,获赞 0,注册时间：2018-03-28,普通用户
蕃薯 + 关注,上海,关注 0,粉丝 0,获赞 0,注册时间：2017-11-12,普通用户
林記 + 关注,广州,关注 0,粉丝 0,获赞 0,注册时间：2023-07-10,普通用户
仁德轻盈的小春 + 关注,上海,关注 0,粉丝 0,获赞 0,注册时间：2023-07-23,普通用户
cxwcjq + 关注,深圳,关注 0,粉丝 0,获赞 1,注册时间：2012-03-23,普通用户
Join.do + 关注,深圳,关注 0,粉丝 0,获赞 0,注册时间：2018-04-01,普通用户
付芷忻 + 关注,上海,关注 0,粉丝 0,获赞 0,注册时间：2015-05-08,普通用户
纯真天真咕咕羊 + 关注,重庆,关注 0,粉丝 0,获赞 0,注册时间：2018-06-17,普通用户
麻麻 + 关注,上海,关注 0,粉丝 0,获赞 8,注册时间：2015-10-30,普通用户
小叶 + 关注,深圳,关注 0,粉丝 0,获赞 0,注册时间：2017-11-22,普通用户
maimai520 + 关注,深圳,关注 13,粉丝 12,获赞 0,注册时间：2010-05-19,普通用户
傻峰 + 关注,上海,关注 0,粉丝 0,获赞 1,注册时间：2023-01-14,普通用户
Emily + 关注,茂名,关注 0,粉丝 0,获赞 1,注册时间：2017-12-06,普通用户
何庆红 + 关注,上海,关注 0,粉丝 0,获赞 0,注册时间：2016-01-10,普通用户
动物油干煸植物油 + 关注,深圳,关注 0,粉丝 0,获赞 0,注册时间：2018-12-11,普通用户
帅的西 + 关注,上海,关注 0,粉丝 0,获赞 1,注册时间：2018-03-17,普通用户
善良豁达咕唧蚁 + 关注,中山,关注 0,粉丝 0,获赞 0,注册时间：2017-09-25,普通用户
1176498827liuyujie + 关注,深圳,关注 0,粉丝 2,获赞 1,注册时间：2013-10-16,普通用户
蜜枣干拌红豆 + 关注,香港,关注 0,粉丝 0,获赞 0,注册时间：2019-02-16,普通用户
刚智迷人的小昌 + 关注,上海,关注 0,粉丝 0,获赞 6,注册时间：2014-11-08,普通用户
驼色眼睛的玫瑰色海龟 + 关注,深圳,关注 0,粉丝 0,获赞 0,注册时间：2017-11-27,普通用户
踏实纯洁哇哇蚁 + 关注,深圳,关注 0,粉丝 2,获赞 0,注册时间：2014-08-01,普通用户
＊＊咖啡虽苦却提神 + 关注,上海,关注 0,粉丝 0,获赞 1,注册时间：2015-02-06,普通用户
糯米清蒸芋头 + 关注,广州,关注 0,粉丝 1,获赞 0,注册时间：2018-03-24,普通用户
名草有花的大叔 + 关注,深圳,关注 2019,粉丝 781,获赞 8423,注册时间：2013-12-15,vip
小雪 + 关注,济南,关注 0,粉丝 2,获赞 3,注册时间：2012-01-08,普通用户
yy + 关注,香港,关注 1,粉丝 2,获赞 2,注册时间：2014-07-04,普通用户
朵朵_6978 + 关注,上海,关注 5,粉丝 4,获赞 1,注册时间：2015-09-04,普通用户
幸福大方嘻嘻狮 + 关注,上海,关注 7,粉丝 7,获赞 0,注册时间：2017-03-18,普通用户
糖糖 + 关注,上海,关注 0,粉丝 0,获赞 0,注册时间：2023-12-27,普通用户
唯势力少儿街舞 + 关注,深圳,关注 0,粉丝 0,获赞 0,注册时间：2015-07-19,普通用户
智信真诚的小龚 + 关注,汕尾,关注 0,粉丝 0,获赞 0,注册时间：2018-01-19,普通用户
好脾气的雪纳瑞 + 关注,深圳,关注 153,粉丝 154,获赞 37,注册时间：2020-03-29,vip
贤明幸福咕嘟猫 + 关注,重庆,关注 0,粉丝 0,获赞 0,注册时间：2017-05-09,普通用户
知明耐心的小如 + 关注,上海,关注 0,粉丝 0,获赞 0,注册时间：2019-03-21,普通用户
在川西草原爬墙的乌贼 + 关注,珠海,关注 0,粉丝 0,获赞 0,注册时间：2017-10-17,普通用户
青_3163 + 关注,上海,关注 0,粉丝 0,获赞 0,注册时间：2015-12-04,普通用户
朱猪OCH + 关注,深圳,关注 0,粉丝 0,获赞 0,注册时间：2017-07-14,普通用户
猪杠寶氣 + 关注,香港,关注 12,粉丝 6,获赞 20,注册时间：2023-08-11,普通用户
毅美真诚的小颖 + 关注,深圳,关注 0,粉丝 0,获赞 0,注册时间：2018-01-02,普通用户
美丽诚恳呼嘘鹿 + 关注,上海,关注 0,粉丝 1,获赞 0,注册时间：2014-02-21,普通用户
